ts_code,trade_date,open,high,low,close,pre_close,change,pct_chg,vol,amount,daily_return,cumulative_return,ma5,ma20,month,stock_name,industry
600519.SH,2025-01-02,1524.0,1524.49,1480.0,1488.0,1524.0,-36.0,-2.3622,50028.7,7490883.773,0.0,0.0,,,2025-01,贵州茅台,食品饮料
600519.SH,2025-01-03,1494.5,1494.99,1467.01,1475.0,1488.0,-13.0,-0.8737,32628.36,4836610.288,-0.008736559139784994,-0.008736559139784994,,,2025-01,贵州茅台,食品饮料
600519.SH,2025-01-06,1453.0,1462.66,1432.8,1440.0,1475.0,-35.0,-2.3729,44255.12,6392479.712,-0.023728813559321993,-0.032258064516129004,,,2025-01,贵州茅台,食品饮料
600519.SH,2025-01-07,1444.66,1451.89,1439.0,1440.2,1440.0,0.2,0.0139,24221.18,3494634.227,0.0001388888888889106,-0.03212365591397848,,,2025-01,贵州茅台,食品饮料
600519.SH,2025-01-08,1440.0,1451.82,1426.66,1442.5,1440.2,2.3,0.1597,35258.21,5071821.246,0.001597000416608818,-0.030577956989247257,1457.1399999999999,,2025-01,贵州茅台,食品饮料
600519.SH,2025-01-09,1448.99,1464.58,1432.98,1444.0,1442.5,1.5,0.104,29705.65,4295852.736,0.0010398613518196598,-0.029569892473118364,1448.34,,2025-01,贵州茅台,食品饮料
600519.SH,2025-01-10,1447.1,1451.95,1436.0,1436.0,1444.0,-8.0,-0.554,21871.95,3154677.598,-0.005540166204986097,-0.034946236559139865,1440.54,,2025-01,贵州茅台,食品饮料
600519.SH,2025-01-13,1425.0,1444.44,1422.01,1443.98,1436.0,7.98,0.5557,21082.51,3030806.87,0.005557103064066871,-0.029583333333333406,1441.336,,2025-01,贵州茅台,食品饮料
600519.SH,2025-01-14,1444.95,1478.68,1442.0,1472.5,1443.98,28.52,1.9751,30956.57,4535651.504,0.019750966079862486,-0.010416666666666852,1447.796,,2025-01,贵州茅台,食品饮料
600519.SH,2025-01-15,1467.0,1474.6,1460.01,1471.27,1472.5,-1.23,-0.0835,18399.34,2701518.712,-0.0008353140916808055,-0.011243279569892684,1453.55,,2025-01,贵州茅台,食品饮料
600519.SH,2025-01-16,1474.0,1482.66,1442.0,1446.38,1471.27,-24.89,-1.6917,26342.13,3840411.437,-0.01691735711324216,-0.027970430107526978,1454.026,,2025-01,贵州茅台,食品饮料
600519.SH,2025-01-17,1446.39,1461.0,1446.38,1454.75,1446.38,8.37,0.5787,18308.94,2663227.309,0.0057868609908875435,-0.022345430107526987,1457.776,,2025-01,贵州茅台,食品饮料
600519.SH,2025-01-20,1461.0,1489.79,1460.0,1474.8,1454.75,20.05,1.3782,31409.75,4647626.351,0.013782436844818724,-0.00887096774193552,1463.94,,2025-01,贵州茅台,食品饮料
600519.SH,2025-01-21,1481.0,1482.0,1465.0,1468.15,1474.8,-6.65,-0.4509,16856.04,2481821.229,-0.004509085977759564,-0.013340053763440718,1463.0700000000002,,2025-01,贵州茅台,食品饮料
600519.SH,2025-01-22,1463.27,1467.95,1438.0,1441.0,1468.15,-27.15,-1.8493,28293.84,4088101.682,-0.018492660831658903,-0.03158602150537626,1457.016,,2025-01,贵州茅台,食品饮料
600519.SH,2025-01-23,1449.97,1468.0,1438.0,1443.0,1441.0,2.0,0.1388,27125.04,3932700.85,0.001387925052047212,-0.030241935483870885,1456.3400000000001,,2025-01,贵州茅台,食品饮料
600519.SH,2025-01-24,1442.0,1447.79,1430.31,1436.0,1443.0,-7.0,-0.4851,31360.34,4515322.685,-0.00485100485100487,-0.034946236559139754,1452.5900000000001,,2025-01,贵州茅台,食品饮料
600519.SH,2025-01-27,1437.0,1443.97,1427.02,1434.99,1436.0,-1.01,-0.0703,29356.46,4213534.543,-0.0007033426183843394,-0.03562499999999991,1444.6280000000002,,2025-01,贵州茅台,食品饮料
600519.SH,2025-02-05,1440.0,1443.0,1402.21,1403.8,1434.99,-31.19,-2.1735,40756.52,5753730.034,-0.021735343103436278,-0.05658602150537628,1431.7579999999998,,2025-02,贵州茅台,食品饮料
600519.SH,2025-02-06,1400.01,1421.99,1400.01,1412.84,1403.8,9.04,0.644,27355.82,3859568.163,0.006439663769767678,-0.05051075268817207,1426.1259999999997,1448.458,2025-02,贵州茅台,食品饮料
600519.SH,2025-02-07,1413.68,1442.68,1403.41,1436.0,1412.84,23.16,1.6393,37242.07,5310850.624,0.016392514368222866,-0.034946236559139865,1424.7259999999999,1445.858,2025-02,贵州茅台,食品饮料
600519.SH,2025-02-10,1438.0,1440.0,1427.09,1431.51,1436.0,-4.49,-0.3127,20839.79,2988101.756,-0.0031267409470752128,-0.037963709677419466,1423.828,1443.6834999999999,2025-02,贵州茅台,食品饮料
600519.SH,2025-02-11,1434.95,1435.96,1415.9,1418.0,1431.51,-13.51,-0.9438,23572.83,3348668.867,-0.009437586883780047,-0.04704301075268824,1420.4299999999998,1442.5835,2025-02,贵州茅台,食品饮料
600519.SH,2025-02-12,1418.0,1445.0,1416.88,1443.0,1418.0,25.0,1.763,25475.79,3644170.477,0.017630465444287813,-0.030241935483870996,1428.27,1442.7235,2025-02,贵州茅台,食品饮料
600519.SH,2025-02-13,1443.02,1475.25,1434.51,1465.06,1443.0,22.06,1.5288,43385.36,6335985.851,0.015287595287595268,-0.015416666666666745,1438.714,1443.8515,2025-02,贵州茅台,食品饮料
600519.SH,2025-02-14,1465.06,1477.0,1458.22,1475.0,1465.06,9.94,0.6785,27099.92,3978694.098,0.006784705063273888,-0.008736559139784994,1446.514,1445.4015,2025-02,贵州茅台,食品饮料
600519.SH,2025-02-17,1481.0,1494.98,1467.1,1471.62,1475.0,-3.38,-0.2292,32470.59,4804663.813,-0.0022915254237289018,-0.011008064516129124,1454.536,1447.1825,2025-02,贵州茅台,食品饮料
600519.SH,2025-02-18,1470.0,1492.99,1462.08,1475.0,1471.62,3.38,0.2297,27799.92,4113845.397,0.0022967885731370874,-0.008736559139784994,1465.9360000000001,1448.7334999999998,2025-02,贵州茅台,食品饮料
600519.SH,2025-02-19,1475.05,1494.44,1464.9,1491.0,1475.0,16.0,1.0847,32393.31,4803378.441,0.010847457627118695,0.002016129032258007,1475.536,1449.6585,2025-02,贵州茅台,食品饮料
600519.SH,2025-02-20,1483.0,1491.97,1473.39,1474.0,1491.0,-17.0,-1.1402,23749.73,3513552.984,-0.011401743796110031,-0.009408602150537737,1477.324,1449.7949999999998,2025-02,贵州茅台,食品饮料
600519.SH,2025-02-21,1480.0,1496.73,1473.01,1488.21,1474.0,14.21,0.964,36417.83,5418169.587,0.00964043419267302,0.00014112903225793616,1479.966,1451.8865,2025-02,贵州茅台,食品饮料
600519.SH,2025-02-24,1488.0,1499.52,1474.0,1479.07,1488.21,-9.14,-0.6142,34743.73,5157907.322,-0.006141606359317597,-0.006001344086021709,1481.456,1453.1025,2025-02,贵州茅台,食品饮料
600519.SH,2025-02-25,1470.01,1473.39,1452.0,1454.0,1479.07,-25.07,-1.695,28387.43,4142814.459,-0.016949840102226332,-0.02284946236559149,1477.256,1452.0625,2025-02,贵州茅台,食品饮料
600519.SH,2025-02-26,1455.45,1464.96,1445.0,1460.01,1454.0,6.01,0.4133,26366.09,3835949.041,0.00413342503438785,-0.018810483870967842,1471.0580000000002,1451.6555,2025-02,贵州茅台,食品饮料
600519.SH,2025-02-27,1460.02,1489.9,1454.0,1485.56,1460.01,25.55,1.75,49762.17,7368002.361,0.017499880137807233,-0.001639784946236733,1473.3700000000001,1453.8835000000001,2025-02,贵州茅台,食品饮料
600519.SH,2025-02-28,1485.5,1528.38,1482.0,1500.79,1485.56,15.23,1.0252,56128.95,8475738.166,0.010252026171948536,0.008595430107526614,1475.886,1456.773,2025-02,贵州茅台,食品饮料
600519.SH,2025-03-03,1502.6,1520.99,1481.5,1487.02,1500.79,-13.77,-0.9175,31595.66,4736679.903,-0.009175167744987611,-0.0006586021505379236,1477.4759999999999,1459.324,2025-03,贵州茅台,食品饮料
600519.SH,2025-03-04,1485.0,1486.0,1465.21,1470.11,1487.02,-16.91,-1.1372,25211.21,3710675.863,-0.011371736762114892,-0.012022849462365981,1480.6979999999999,1461.08,2025-03,贵州茅台,食品饮料
600519.SH,2025-03-05,1472.0,1474.0,1460.1,1466.37,1470.11,-3.74,-0.2544,24605.22,3606932.152,-0.0025440273176837724,-0.01453629032258108,1481.9699999999998,1464.2085,2025-03,贵州茅台,食品饮料
600519.SH,2025-03-06,1474.0,1510.2,1472.08,1505.98,1466.37,39.61,2.7012,42167.64,6297117.4,0.027012282029774237,0.012083333333333002,1486.0539999999999,1468.8655,2025-03,贵州茅台,食品饮料
600519.SH,2025-03-07,1503.0,1528.36,1503.0,1521.0,1505.98,15.02,0.9974,37991.35,5760608.729,0.00997357202618887,0.0221774193548383,1490.096,1473.1155,2025-03,贵州茅台,食品饮料
600519.SH,2025-03-10,1519.81,1526.88,1506.14,1522.9,1521.0,1.9,0.1249,31369.07,4758789.26,0.0012491781722552275,0.02345430107526858,1497.272,1477.685,2025-03,贵州茅台,食品饮料
600519.SH,2025-03-11,1517.0,1548.68,1512.0,1548.68,1522.9,25.78,1.6928,39775.6,6094007.854,0.01692822903670632,0.04077956989247289,1512.986,1484.2189999999998,2025-03,贵州茅台,食品饮料
600519.SH,2025-03-12,1546.96,1549.68,1526.35,1542.58,1548.68,-6.1,-0.3939,29603.96,4552923.644,-0.003938838236433706,0.036680107526881445,1528.2279999999998,1489.1979999999999,2025-03,贵州茅台,食品饮料
600519.SH,2025-03-13,1544.0,1555.5,1530.88,1537.77,1542.58,-4.81,-0.3118,25724.39,3966369.271,-0.0031181527052080993,0.03344758064516107,1534.586,1492.8335,2025-03,贵州茅台,食品饮料
600519.SH,2025-03-14,1547.66,1628.01,1541.0,1628.01,1537.77,90.24,5.8682,92913.15,14882842.708,0.05868237772878904,0.09409274193548356,1555.988,1500.484,2025-03,贵州茅台,食品饮料
600519.SH,2025-03-17,1657.0,1657.99,1626.88,1637.86,1628.01,9.85,0.605,54689.13,8985138.902,0.006050331386170837,0.10071236559139751,1578.98,1508.796,2025-03,贵州茅台,食品饮料
600519.SH,2025-03-18,1645.04,1652.0,1621.7,1624.0,1637.86,-13.86,-0.8462,31613.45,5153210.436,-0.008462261731771892,0.09139784946236529,1594.0439999999999,1516.246,2025-03,贵州茅台,食品饮料
600519.SH,2025-03-19,1624.29,1648.0,1623.0,1635.71,1624.0,11.71,0.7211,27389.55,4477128.77,0.007210591133004929,0.09926747311827921,1612.6699999999998,1523.4815,2025-03,贵州茅台,食品饮料
600519.SH,2025-03-20,1635.71,1637.6,1595.07,1604.0,1635.71,-31.71,-1.9386,36736.77,5903879.207,-0.01938607699408823,0.07795698924731154,1625.916,1529.9815,2025-03,贵州茅台,食品饮料
600519.SH,2025-03-21,1599.0,1612.2,1568.83,1573.75,1604.0,-30.25,-1.8859,33614.3,5324973.19,-0.018859102244389025,0.05762768817204278,1615.0639999999999,1534.2585,2025-03,贵州茅台,食品饮料
600519.SH,2025-03-24,1570.0,1589.66,1562.38,1583.0,1573.75,9.25,0.5878,25565.85,4032223.482,0.005877680698967325,0.06384408602150504,1604.092,1539.455,2025-03,贵州茅台,食品饮料
600519.SH,2025-03-25,1588.0,1592.8,1566.66,1575.5,1583.0,-7.5,-0.4738,17674.38,2783286.813,-0.004737839545167377,0.0588037634408598,1594.392,1545.53,2025-03,贵州茅台,食品饮料
600519.SH,2025-03-26,1572.77,1582.58,1571.0,1576.0,1575.5,0.5,0.0317,14323.56,2257639.75,0.00031735956839096247,0.05913978494623606,1582.45,1551.3295,2025-03,贵州茅台,食品饮料
600519.SH,2025-03-27,1576.0,1598.25,1573.38,1589.0,1576.0,13.0,0.8249,17955.63,2848889.21,0.008248730964466988,0.06787634408602106,1579.45,1556.5014999999999,2025-03,贵州茅台,食品饮料
600519.SH,2025-03-28,1590.93,1593.0,1576.0,1585.21,1589.0,-3.79,-0.2385,16227.89,2569470.015,-0.002385147891755812,0.06532930107526846,1581.742,1560.7224999999999,2025-03,贵州茅台,食品饮料
600519.SH,2025-03-31,1580.98,1586.96,1560.06,1561.0,1585.21,-24.21,-1.5272,21084.94,3311857.714,-0.015272424473729007,0.049059139784946026,1577.342,1564.4215,2025-03,贵州茅台,食品饮料
600519.SH,2025-04-01,1564.0,1569.89,1552.21,1556.02,1561.0,-4.98,-0.319,18556.44,2893739.955,-0.0031902626521460586,0.045712365591397575,1573.446,1568.717,2025-04,贵州茅台,食品饮料
600519.SH,2025-04-02,1558.0,1567.8,1545.5,1549.02,1556.02,-7.0,-0.4499,21674.01,3371883.024,-0.004498656829603709,0.04100806451612882,1568.05,1572.8495,2025-04,贵州茅台,食品饮料
600519.SH,2025-04-03,1530.0,1586.0,1529.01,1568.88,1549.02,19.86,1.2821,35480.5,5557442.052,0.012821009412402828,0.05435483870967728,1564.026,1575.9945,2025-04,贵州茅台,食品饮料
600519.SH,2025-04-07,1520.01,1536.85,1462.0,1500.0,1568.88,-68.88,-4.3904,101952.67,15314738.235,-0.04390393146703386,0.008064516129032029,1546.984,1574.9445,2025-04,贵州茅台,食品饮料
600519.SH,2025-04-08,1513.0,1545.0,1495.0,1545.0,1500.0,45.0,3.0,73876.49,11226977.557,0.030000000000000027,0.038306451612903025,1543.784,1576.0495,2025-04,贵州茅台,食品饮料
600519.SH,2025-04-09,1525.02,1556.8,1520.55,1541.04,1545.0,-3.96,-0.2563,55630.04,8562928.225,-0.0025631067961164877,0.03564516129032236,1540.788,1575.6675,2025-04,贵州茅台,食品饮料
600519.SH,2025-04-10,1550.99,1555.0,1528.0,1549.0,1541.04,7.96,0.5165,38620.21,5963650.791,0.00516534288532422,0.040994623655913776,1540.784,1575.9885,2025-04,贵州茅台,食品饮料
600519.SH,2025-04-11,1579.97,1579.97,1545.0,1568.98,1549.0,19.98,1.2899,32634.23,5087359.924,0.012898644286636562,0.054422043010752486,1540.804,1577.5490000000002,2025-04,贵州茅台,食品饮料
600519.SH,2025-04-14,1560.97,1566.0,1551.53,1551.99,1568.98,-16.99,-1.0829,21711.44,3379425.64,-0.01082869125164121,0.04300403225806426,1551.202,1573.748,2025-04,贵州茅台,食品饮料
600519.SH,2025-04-15,1552.0,1565.0,1545.0,1558.0,1551.99,6.01,0.3872,21489.28,3339942.729,0.003872447631750209,0.04704301075268802,1553.8020000000001,1569.7549999999999,2025-04,贵州茅台,食品饮料
600519.SH,2025-04-16,1552.0,1576.0,1537.0,1559.17,1558.0,1.17,0.0751,31156.05,4834880.596,0.000750962772785746,0.04782930107526884,1557.428,1566.5135,2025-04,贵州茅台,食品饮料
600519.SH,2025-04-17,1554.0,1576.5,1549.99,1570.0,1559.17,10.83,0.6946,23846.05,3733924.973,0.0069460033222803474,0.05510752688172027,1561.6280000000002,1563.228,2025-04,贵州茅台,食品饮料
600519.SH,2025-04-18,1566.0,1575.0,1556.0,1565.94,1570.0,-4.06,-0.2586,20298.48,3179974.34,-0.0025859872611464496,0.052379032258064395,1561.02,1561.325,2025-04,贵州茅台,食品饮料
600519.SH,2025-04-21,1565.5,1565.5,1551.0,1551.0,1565.94,-14.94,-0.9541,18057.03,2808158.177,-0.009540595425112097,0.04233870967741926,1560.822,1560.1875,2025-04,贵州茅台,食品饮料
600519.SH,2025-04-22,1550.0,1556.3,1543.21,1548.8,1551.0,-2.2,-0.1418,18432.14,2857525.967,-0.0014184397163120588,0.04086021505376336,1558.982,1558.4775,2025-04,贵州茅台,食品饮料
600519.SH,2025-04-23,1559.0,1559.22,1545.0,1552.0,1548.8,3.2,0.2066,18668.76,2895468.892,0.0020661157024792765,0.043010752688172005,1557.548,1557.3025,2025-04,贵州茅台,食品饮料
600519.SH,2025-04-24,1552.0,1560.68,1548.98,1552.25,1552.0,0.25,0.0161,14871.81,2313372.072,0.00016108247422685906,0.043178763440860246,1553.998,1556.115,2025-04,贵州茅台,食品饮料
600519.SH,2025-04-25,1557.1,1561.2,1550.0,1550.0,1552.25,-2.25,-0.145,14764.9,2295029.705,-0.0014495087775808768,0.04166666666666674,1550.81,1554.165,2025-04,贵州茅台,食品饮料
600519.SH,2025-04-28,1552.0,1555.0,1546.6,1550.0,1550.0,0.0,0.0,14659.72,2274252.465,0.0,0.04166666666666674,1550.6100000000001,1552.4045,2025-04,贵州茅台,食品饮料
600519.SH,2025-04-29,1550.0,1552.54,1532.02,1544.0,1550.0,-6.0,-0.3871,18921.8,2917422.938,-0.003870967741935516,0.037634408602150504,1549.65,1551.5545,2025-04,贵州茅台,食品饮料
600519.SH,2025-04-30,1549.99,1566.66,1546.3,1547.0,1544.0,3.0,0.1943,25754.25,4005439.429,0.0019430051813471572,0.03965053763440851,1548.65,1551.1035,2025-04,贵州茅台,食品饮料
600519.SH,2025-05-06,1559.0,1559.0,1544.33,1550.2,1547.0,3.2,0.2069,18300.26,2838614.215,0.0020685197155785318,0.041801075268817156,1548.24,1551.1625,2025-05,贵州茅台,食品饮料
600519.SH,2025-05-07,1570.0,1570.0,1550.2,1555.0,1550.2,4.8,0.3096,27462.21,4275142.569,0.003096374661333945,0.04502688172043001,1549.24,1550.4685,2025-05,贵州茅台,食品饮料
600519.SH,2025-05-08,1553.0,1592.78,1549.83,1578.19,1555.0,23.19,1.4913,33481.06,5265446.444,0.014913183279742892,0.06061155913978489,1554.8780000000002,1554.378,2025-05,贵州茅台,食品饮料
600519.SH,2025-05-09,1578.99,1597.45,1575.05,1591.18,1578.19,12.99,0.8231,23671.9,3757574.546,0.008230948111444203,0.06934139784946236,1564.3139999999999,1556.687,2025-05,贵州茅台,食品饮料
600519.SH,2025-05-12,1598.0,1618.93,1596.61,1604.5,1591.18,13.32,0.8371,24735.33,3967785.8,0.008371145942005276,0.07829301075268824,1575.8139999999999,1559.86,2025-05,贵州茅台,食品饮料
600519.SH,2025-05-13,1608.92,1608.92,1585.11,1590.3,1604.5,-14.2,-0.885,21258.29,3386617.848,-0.00885010906824557,0.06875000000000009,1583.834,1561.925,2025-05,贵州茅台,食品饮料
600519.SH,2025-05-14,1590.0,1645.0,1588.18,1634.99,1590.3,44.69,2.8102,39460.12,6394735.058,0.02810161604728667,0.09878360215053772,1599.8319999999999,1565.2255,2025-05,贵州茅台,食品饮料
600519.SH,2025-05-15,1634.8,1643.59,1624.13,1632.01,1634.99,-2.98,-0.1823,24732.85,4043402.636,-0.0018226411170710888,0.09678091397849475,1610.596,1569.2265000000002,2025-05,贵州茅台,食品饮料
600519.SH,2025-05-16,1633.99,1636.99,1614.13,1614.13,1632.01,-17.88,-1.0956,22935.22,3714508.659,-0.0109558152217204,0.08476478494623674,1615.186,1572.033,2025-05,贵州茅台,食品饮料
600519.SH,2025-05-19,1596.0,1600.0,1573.88,1578.98,1614.13,-35.15,-2.1776,38062.83,6021950.01,-0.021776436842137925,0.061142473118279694,1610.082,1573.0234999999998,2025-05,贵州茅台,食品饮料
600519.SH,2025-05-20,1580.0,1594.8,1575.1,1586.0,1578.98,7.02,0.4446,19521.53,3095742.637,0.004445908117898911,0.0658602150537635,1609.2220000000002,1573.8235,2025-05,贵州茅台,食品饮料
600519.SH,2025-05-21,1585.0,1595.94,1580.97,1580.97,1586.0,-5.03,-0.3172,19794.64,3143941.416,-0.0031715006305169657,0.06247983870967744,1598.4180000000001,1574.575,2025-05,贵州茅台,食品饮料
600519.SH,2025-05-22,1580.99,1584.99,1570.1,1580.0,1580.97,-0.97,-0.0614,15090.24,2381236.586,-0.0006135473791406554,0.06182795698924726,1588.016,1576.025,2025-05,贵州茅台,食品饮料
600519.SH,2025-05-23,1575.2,1587.9,1571.66,1572.6,1580.0,-7.4,-0.4684,21537.0,3399424.961,-0.004683544303797471,0.05685483870967745,1579.71,1577.2150000000001,2025-05,贵州茅台,食品饮料
600519.SH,2025-05-26,1570.0,1574.63,1545.0,1550.5,1572.6,-22.1,-1.4053,27086.53,4212944.43,-0.014053160371359508,0.042002688172043,1574.014,1577.14,2025-05,贵州茅台,食品饮料
600519.SH,2025-05-27,1551.0,1558.6,1543.51,1543.9,1550.5,-6.6,-0.4257,17752.13,2748945.675,-0.004256691389874168,0.037567204301075297,1565.5939999999998,1576.7225,2025-05,贵州茅台,食品饮料
600519.SH,2025-05-28,1543.99,1546.46,1533.0,1537.0,1543.9,-6.9,-0.4469,16265.68,2504624.605,-0.004469201373145992,0.03293010752688175,1556.8,1576.0725,2025-05,贵州茅台,食品饮料
600519.SH,2025-05-29,1540.0,1555.0,1532.0,1540.0,1537.0,3.0,0.1952,21859.58,3375465.796,0.0019518542615484247,0.034946236559139754,1548.8,1575.5725,2025-05,贵州茅台,食品饮料
600519.SH,2025-05-30,1540.15,1545.0,1515.24,1522.0,1540.0,-18.0,-1.1688,31239.18,4764875.947,-0.011688311688311637,0.02284946236559149,1538.6799999999998,1574.4725,2025-05,贵州茅台,食品饮料
600519.SH,2025-06-03,1508.01,1519.0,1505.02,1509.0,1522.0,-13.0,-0.8541,28979.18,4377892.799,-0.00854139290407363,0.014112903225806495,1530.3799999999999,1572.5725,2025-06,贵州茅台,食品饮料
600519.SH,2025-06-04,1510.5,1523.0,1509.22,1509.96,1509.0,0.96,0.0636,23008.09,3480363.797,0.0006361829025844923,0.014758064516129155,1523.592,1570.5605,2025-06,贵州茅台,食品饮料
600519.SH,2025-06-05,1514.0,1516.0,1502.2,1514.0,1509.96,4.04,0.2676,23213.66,3504925.524,0.0026755675647036625,0.017473118279569988,1518.9920000000002,1568.5104999999999,2025-06,贵州茅台,食品饮料
600519.SH,2025-06-06,1513.8,1518.97,1503.0,1506.39,1514.0,-7.61,-0.5026,25023.07,3777727.616,-0.00502642007926013,0.012358870967742241,1512.27,1564.9205000000002,2025-06,贵州茅台,食品饮料
600519.SH,2025-06-09,1505.02,1508.7,1485.68,1486.11,1506.39,-20.28,-1.3463,44958.67,6723839.138,-0.013462649114771241,-0.0012701612903224246,1505.092,1559.667,2025-06,贵州茅台,食品饮料
600519.SH,2025-06-10,1486.0,1492.0,1474.8,1475.01,1486.11,-11.1,-0.7469,30492.2,4511934.584,-0.00746916446292667,-0.008729838709677251,1498.294,1553.1925,2025-06,贵州茅台,食品饮料
600519.SH,2025-06-11,1476.8,1494.0,1476.1,1480.0,1475.01,4.99,0.3383,30892.82,4585522.755,0.003383027911675107,-0.00537634408602139,1492.3020000000001,1547.6775,2025-06,贵州茅台,食品饮料
600519.SH,2025-06-12,1480.0,1483.87,1454.1,1459.0,1480.0,-21.0,-1.4189,49903.61,7306800.8,-0.01418918918918921,-0.019489247311827884,1481.3020000000001,1538.8780000000002,2025-06,贵州茅台,食品饮料
600519.SH,2025-06-13,1444.41,1449.97,1425.06,1426.95,1459.0,-32.05,-2.1967,59113.25,8466515.559,-0.021967100753941038,-0.04102822580645149,1465.414,1528.625,2025-06,贵州茅台,食品饮料
600519.SH,2025-06-16,1401.2,1425.04,1401.18,1422.29,1426.95,-4.66,-0.3266,42887.87,6060448.438,-0.0032657065769648996,-0.044159946236559056,1452.65,1519.033,2025-06,贵州茅台,食品饮料
600519.SH,2025-06-17,1420.0,1427.0,1412.18,1427.0,1422.29,4.71,0.3312,27231.51,3868364.671,0.003311560933424218,-0.04099462365591389,1443.048,1511.434,2025-06,贵州茅台,食品饮料
600519.SH,2025-06-18,1440.0,1443.44,1421.01,1425.0,1427.0,-2.0,-0.1402,30760.99,4404131.364,-0.0014015416958654825,-0.04233870967741926,1432.048,1503.384,2025-06,贵州茅台,食品饮料
600519.SH,2025-06-19,1426.0,1433.67,1417.18,1426.0,1425.0,1.0,0.0702,24500.72,3490268.568,0.00070175438596487,-0.04166666666666663,1425.4479999999999,1495.6354999999999,2025-06,贵州茅台,食品饮料
600519.SH,2025-06-20,1423.58,1441.14,1420.2,1428.66,1426.0,2.66,0.1865,34815.81,4990683.314,0.001865357643758836,-0.03987903225806444,1425.79,1488.0684999999999,2025-06,贵州茅台,食品饮料
600519.SH,2025-06-23,1420.0,1433.0,1405.18,1420.0,1428.66,-8.66,-0.6062,26723.31,3794012.343,-0.006061624179300895,-0.045698924731182755,1425.3319999999999,1480.4384999999997,2025-06,贵州茅台,食品饮料
600519.SH,2025-06-24,1423.35,1451.68,1423.35,1437.2,1420.0,17.2,1.2113,36311.51,5229183.514,0.012112676056338145,-0.03413978494623637,1427.3719999999998,1474.7734999999998,2025-06,贵州茅台,食品饮料
600519.SH,2025-06-25,1439.11,1449.2,1420.51,1435.86,1437.2,-1.34,-0.0932,41050.07,5869292.227,-0.0009323684942945665,-0.035040322580645045,1429.544,1469.3715,2025-06,贵州茅台,食品饮料
600519.SH,2025-06-26,1415.0,1428.0,1410.08,1420.0,1408.26,11.74,0.8337,34860.25,4955829.982,-0.011045645118604841,-0.045698924731182644,1428.3439999999998,1463.5215,2025-06,贵州茅台,食品饮料
600519.SH,2025-06-27,1420.01,1423.0,1403.09,1403.09,1420.0,-16.91,-1.1908,38249.73,5404312.675,-0.011908450704225415,-0.0570631720430107,1423.23,1456.676,2025-06,贵州茅台,食品饮料
600519.SH,2025-06-30,1403.5,1413.23,1402.0,1409.52,1403.09,6.43,0.4583,30457.3,4287373.691,0.00458274237575651,-0.05274193548387074,1421.134,1451.0520000000001,2025-06,贵州茅台,食品饮料
600519.SH,2025-07-01,1409.0,1411.94,1403.31,1405.1,1409.52,-4.42,-0.3136,19878.19,2794423.203,-0.0031358192859981537,-0.055712365591397695,1414.714,1445.857,2025-07,贵州茅台,食品饮料
600519.SH,2025-07-02,1409.5,1414.8,1400.0,1409.6,1405.1,4.5,0.3203,26218.25,3689246.316,0.003202619030673981,-0.05268817204301057,1409.462,1440.8390000000002,2025-07,贵州茅台,食品饮料
600519.SH,2025-07-03,1412.0,1422.69,1408.0,1415.6,1409.6,6.0,0.4257,24412.67,3456733.002,0.004256526674233818,-0.04865591397849445,1408.5819999999999,1435.919,2025-07,贵州茅台,食品饮料
600519.SH,2025-07-04,1415.7,1431.89,1410.01,1422.22,1415.6,6.62,0.4676,28766.91,4086547.268,0.004676462277479532,-0.04420698924731159,1412.408,1431.7105,2025-07,贵州茅台,食品饮料
600519.SH,2025-07-07,1422.28,1423.5,1410.01,1410.7,1422.22,-11.52,-0.81,23854.67,3370562.659,-0.008100012656269806,-0.05194892473118262,1412.644,1427.94,2025-07,贵州茅台,食品饮料
600519.SH,2025-07-08,1410.71,1420.0,1410.7,1416.11,1410.7,5.41,0.3835,18673.7,2643302.691,0.003834975544056096,-0.048313172043010666,1414.846,1424.995,2025-07,贵州茅台,食品饮料
600519.SH,2025-07-09,1415.0,1429.97,1414.17,1418.88,1416.11,2.77,0.1956,27745.32,3950810.723,0.0019560627352397386,-0.046451612903225525,1416.7019999999998,1421.9389999999999,2025-07,贵州茅台,食品饮料
600519.SH,2025-07-10,1418.97,1436.18,1410.4,1426.5,1418.88,7.62,0.537,38725.03,5503329.754,0.005370433017591214,-0.04133064516129015,1418.882,1420.3139999999999,2025-07,贵州茅台,食品饮料
600519.SH,2025-07-11,1423.16,1458.0,1423.16,1427.0,1426.5,0.5,0.0351,57243.35,8239010.39,0.000350508236943492,-0.04099462365591389,1419.838,1420.3165,2025-07,贵州茅台,食品饮料
600519.SH,2025-07-14,1430.0,1434.98,1421.6,1423.6,1427.0,-3.4,-0.2383,27780.94,3961736.006,-0.0023826208829713647,-0.04327956989247317,1422.4180000000001,1420.382,2025-07,贵州茅台,食品饮料
600519.SH,2025-07-15,1420.98,1422.93,1408.32,1411.0,1423.6,-12.6,-0.8851,35405.78,5005150.165,-0.008850800786737834,-0.051747311827957,1421.3960000000002,1419.5819999999999,2025-07,贵州茅台,食品饮料
600519.SH,2025-07-16,1410.01,1417.49,1409.95,1411.03,1411.0,0.03,0.0021,21286.05,3006882.579,2.1261516654824675e-05,-0.051727150537634436,1419.826,1418.8835000000001,2025-07,贵州茅台,食品饮料
600519.SH,2025-07-17,1413.98,1423.01,1412.88,1416.35,1411.03,5.32,0.377,23105.54,3273100.406,0.0037702954579279524,-0.048151881720430056,1417.7959999999998,1418.401,2025-07,贵州茅台,食品饮料
600519.SH,2025-07-18,1420.0,1437.81,1416.38,1437.0,1416.35,20.65,1.458,41823.41,5984949.774,0.014579729586613466,-0.03427419354838701,1419.7959999999998,1418.818,2025-07,贵州茅台,食品饮料
600519.SH,2025-07-21,1436.99,1446.8,1435.0,1443.0,1437.0,6.0,0.4175,26203.31,3779891.829,0.0041753653444676075,-0.030241935483870885,1423.676,1419.968,2025-07,贵州茅台,食品饮料
600519.SH,2025-07-22,1444.0,1466.6,1440.68,1464.98,1443.0,21.98,1.5232,42118.98,6127636.851,0.015232155232155264,-0.0154704301075268,1434.472,1421.357,2025-07,贵州茅台,食品饮料
600519.SH,2025-07-23,1469.0,1495.0,1468.95,1475.5,1464.98,10.52,0.7181,45044.84,6676301.462,0.00718098540594414,-0.008400537634408511,1447.366,1423.339,2025-07,贵州茅台,食品饮料
600519.SH,2025-07-24,1476.0,1499.0,1475.0,1491.5,1475.5,16.0,1.0844,38803.64,5786337.377,0.010843781768892002,0.002352150537634712,1462.396,1426.914,2025-07,贵州茅台,食品饮料
600519.SH,2025-07-25,1491.4,1491.4,1453.0,1455.0,1491.5,-36.5,-2.4472,41911.26,6140078.741,-0.024472008045591687,-0.022177419354838412,1465.9959999999999,1429.5095,2025-07,贵州茅台,食品饮料
600519.SH,2025-07-28,1453.0,1454.99,1436.3,1438.66,1455.0,-16.34,-1.123,38586.32,5560966.386,-0.01123024054982813,-0.03315860215053734,1465.128,1430.9665,2025-07,贵州茅台,食品饮料
600519.SH,2025-07-29,1439.6,1448.79,1435.01,1439.0,1438.66,0.34,0.0236,26304.08,3785848.102,0.0002363310302642141,-0.032930107526881525,1459.932,1432.6615,2025-07,贵州茅台,食品饮料
600519.SH,2025-07-30,1444.0,1457.16,1437.0,1449.44,1439.0,10.44,0.7255,31867.71,4612883.04,0.007255038220986831,-0.025913978494623402,1454.72,1434.6535,2025-07,贵州茅台,食品饮料
600519.SH,2025-07-31,1443.0,1444.87,1418.0,1421.67,1449.44,-27.77,-1.9159,51797.51,7386302.758,-0.019159123523567745,-0.044576612903225565,1440.7540000000001,1434.9569999999999,2025-07,贵州茅台,食品饮料
600519.SH,2025-08-01,1421.87,1425.96,1414.0,1417.0,1421.67,-4.67,-0.3285,29635.59,4200850.79,-0.003284869203120322,-0.04771505376344065,1433.154,1434.696,2025-08,贵州茅台,食品饮料
600519.SH,2025-08-04,1415.0,1419.8,1414.0,1419.0,1417.0,2.0,0.1411,18687.95,2647105.74,0.0014114326040930436,-0.04637096774193539,1429.2220000000002,1435.111,2025-08,贵州茅台,食品饮料
600519.SH,2025-08-05,1421.0,1429.94,1417.11,1427.74,1419.0,8.74,0.6159,25342.27,3607931.488,0.006159267089499654,-0.040497311827956906,1426.97,1435.6925,2025-08,贵州茅台,食品饮料
600519.SH,2025-08-06,1429.0,1429.0,1419.3,1423.88,1427.74,-3.86,-0.2704,23699.28,3372334.94,-0.002703573479765131,-0.04309139784946214,1421.858,1435.9424999999999,2025-08,贵州茅台,食品饮料
600519.SH,2025-08-07,1423.88,1427.7,1420.06,1422.35,1423.88,-1.53,-0.1075,28001.34,3988765.795,-0.0010745287524230873,-0.04411962365591393,1421.994,1435.7350000000001,2025-08,贵州茅台,食品饮料
600519.SH,2025-08-08,1423.05,1426.5,1418.0,1420.97,1422.35,-1.38,-0.097,18655.28,2651478.118,-0.0009702253313178533,-0.045047043010752574,1422.788,1435.4335,2025-08,贵州茅台,食品饮料
600519.SH,2025-08-11,1423.5,1451.99,1423.0,1445.0,1420.97,24.03,1.6911,47159.07,6794034.09,0.016910983342364627,-0.02889784946236562,1427.9879999999998,1436.5035000000003,2025-08,贵州茅台,食品饮料
600519.SH,2025-08-12,1449.0,1465.07,1436.0,1437.04,1445.0,-7.96,-0.5509,42019.23,6095342.036,-0.005508650519031155,-0.03424731182795704,1429.848,1437.8055,2025-08,贵州茅台,食品饮料
600519.SH,2025-08-13,1425.0,1433.68,1420.0,1420.05,1437.04,-16.99,-1.1823,65527.54,9325460.101,-0.011822913767188137,-0.04566532258064526,1429.0819999999999,1438.2565,2025-08,贵州茅台,食品饮料
600519.SH,2025-08-14,1420.94,1447.51,1420.94,1426.99,1420.05,6.94,0.4887,48129.3,6897535.33,0.004887151860849981,-0.04100134408602163,1430.0099999999998,1438.7885,2025-08,贵州茅台,食品饮料
600519.SH,2025-08-15,1426.01,1428.66,1420.22,1422.08,1426.99,-4.91,-0.3441,47581.65,6772436.997,-0.0034408089755360027,-0.044301075268817436,1430.232,1438.0425,2025-08,贵州茅台,食品饮料
600519.SH,2025-08-18,1426.99,1436.64,1423.1,1428.5,1422.08,6.42,0.4515,47377.98,6773477.871,0.004514513951395127,-0.039986559139785216,1426.932,1437.3175,2025-08,贵州茅台,食品饮料
600519.SH,2025-08-19,1433.5,1446.66,1432.0,1438.0,1428.5,9.5,0.665,46371.86,6678541.001,0.006650332516625834,-0.03360215053763471,1427.124,1435.9685000000002,2025-08,贵州茅台,食品饮料
600519.SH,2025-08-20,1438.0,1452.8,1430.02,1450.0,1438.0,12.0,0.8345,45804.66,6623095.725,0.008344923504867818,-0.02553763440860246,1433.114,1434.6935,2025-08,贵州茅台,食品饮料
600519.SH,2025-08-21,1453.45,1454.99,1443.65,1448.25,1450.0,-1.75,-0.1207,30890.57,4470441.662,-0.0012068965517241237,-0.026713709677419706,1437.366,1432.5310000000002,2025-08,贵州茅台,食品饮料
600519.SH,2025-08-22,1448.88,1464.0,1444.77,1463.95,1448.25,15.7,1.0841,44970.58,6544867.368,0.010840669773864997,-0.01616263440860255,1445.7400000000002,1432.9785,2025-08,贵州茅台,食品饮料
600519.SH,2025-08-25,1470.01,1496.0,1466.0,1490.33,1463.95,26.38,1.802,65324.55,9676719.498,0.01801974111137672,0.0015658602150532275,1458.1060000000002,1435.5620000000001,2025-08,贵州茅台,食品饮料
600519.SH,2025-08-26,1490.32,1494.23,1480.01,1481.61,1490.33,-8.72,-0.5851,39602.13,5883917.0,-0.005851053122462813,-0.004294354838710213,1466.828,1437.6925,2025-08,贵州茅台,食品饮料
600519.SH,2025-08-27,1481.88,1484.93,1448.0,1448.0,1481.61,-33.61,-2.2685,56006.09,8184169.113,-0.022684782095153233,-0.026881720430108058,1466.428,1437.6205,2025-08,贵州茅台,食品饮料
600519.SH,2025-08-28,1447.97,1456.1,1438.77,1446.1,1448.0,-1.9,-0.1312,39281.77,5683673.273,-0.0013121546961326613,-0.028158602150538226,1465.998,1438.842,2025-08,贵州茅台,食品饮料
600519.SH,2025-08-29,1453.0,1482.58,1452.0,1480.0,1446.1,33.9,2.3442,62256.48,9159701.454,0.023442362215614576,-0.005376344086021945,1469.2079999999999,1441.992,2025-08,贵州茅台,食品饮料
600519.SH,2025-09-01,1482.2,1488.0,1465.7,1476.1,1480.0,-3.9,-0.2635,45123.38,6658918.555,-0.002635135135135247,-0.007997311827957487,1466.3619999999999,1444.847,2025-09,贵州茅台,食品饮料
600519.SH,2025-09-02,1478.66,1509.0,1478.0,1491.3,1476.1,15.2,1.0297,56688.37,8470012.816,0.010297405324842579,0.0022177419354834083,1468.3,1448.025,2025-09,贵州茅台,食品饮料
600519.SH,2025-09-03,1491.0,1503.5,1466.0,1480.55,1491.3,-10.75,-0.7208,45045.03,6656011.145,-0.0072084758264601145,-0.005006720430107969,1474.81,1450.8585,2025-09,贵州茅台,食品饮料
600519.SH,2025-09-04,1472.0,1479.3,1460.47,1472.66,1480.55,-7.89,-0.5329,47746.76,7017084.75,-0.005329100672047504,-0.01030913978494663,1480.122,1453.374,2025-09,贵州茅台,食品饮料
600519.SH,2025-09-05,1471.0,1486.97,1464.0,1483.0,1472.66,10.34,0.7021,37388.48,5519312.163,0.0070213083807531,-0.0033602150537639375,1480.7220000000002,1456.4755,2025-09,贵州茅台,食品饮料
600519.SH,2025-09-08,1483.0,1506.44,1477.5,1501.23,1483.0,18.23,1.2293,51382.98,7682065.696,0.012292650033715491,0.008891129032257528,1485.748,1459.2869999999998,2025-09,贵州茅台,食品饮料
600519.SH,2025-09-09,1505.0,1509.95,1493.42,1505.0,1501.23,3.77,0.2511,35742.77,5366650.005,0.0025112740885806506,0.011424731182795078,1488.488,1462.685,2025-09,贵州茅台,食品饮料
600519.SH,2025-09-10,1506.66,1529.95,1496.0,1522.01,1505.0,17.01,1.1302,49663.31,7541460.049,0.011302325581395323,0.022856182795698343,1496.7800000000002,1467.783,2025-09,贵州茅台,食品饮料
600519.SH,2025-09-11,1522.01,1526.02,1508.5,1523.5,1522.01,1.49,0.0979,37238.96,5642778.456,0.0009789686007319887,0.023857526881719826,1506.9479999999999,1472.6084999999998,2025-09,贵州茅台,食品饮料
600519.SH,2025-09-12,1526.0,1538.02,1510.53,1516.0,1523.5,-7.5,-0.4923,33722.09,5132184.935,-0.004922874958976031,0.018817204301074586,1513.548,1477.3044999999997,2025-09,贵州茅台,食品饮料
600519.SH,2025-09-15,1515.87,1517.48,1501.5,1515.1,1516.0,-0.9,-0.0594,25827.03,3901929.718,-0.0005936675461741814,0.01821236559139705,1516.322,1481.6345,2025-09,贵州茅台,食品饮料
600519.SH,2025-09-16,1515.1,1520.99,1496.21,1499.98,1515.1,-15.12,-0.998,32717.89,4928374.478,-0.00997953930433626,0.008051075268816543,1515.318,1484.7334999999998,2025-09,贵州茅台,食品饮料
600519.SH,2025-09-17,1499.99,1510.28,1490.01,1493.0,1499.98,-6.98,-0.4653,30330.54,4534770.634,-0.004653395378605096,0.0033602150537628273,1509.516,1486.8835,2025-09,贵州茅台,食品饮料
600519.SH,2025-09-18,1492.0,1497.8,1463.5,1467.96,1493.0,-25.04,-1.6772,49721.25,7347477.479,-0.01677160080375084,-0.0134677419354845,1498.408,1487.869,2025-09,贵州茅台,食品饮料
600519.SH,2025-09-19,1467.99,1475.5,1457.01,1467.97,1467.96,0.01,0.0007,32636.62,4784528.851,6.8121747185401205e-06,-0.013461021505377091,1488.8020000000001,1488.0700000000002,2025-09,贵州茅台,食品饮料
600519.SH,2025-09-22,1465.09,1467.97,1450.01,1453.35,1467.97,-14.62,-0.9959,34947.08,5085057.536,-0.00995933159397,-0.02328629032258145,1476.452,1486.221,2025-09,贵州茅台,食品饮料
600519.SH,2025-09-23,1450.5,1457.5,1440.0,1447.42,1453.35,-5.93,-0.408,38663.0,5588384.388,-0.004080228437747135,-0.027271505376344707,1465.94,1484.5115,2025-09,贵州茅台,食品饮料
600519.SH,2025-09-24,1434.07,1456.78,1434.07,1442.0,1447.42,-5.42,-0.3745,30743.5,4443052.872,-0.0037445938290199265,-0.030913978494624295,1455.74,1484.2115,2025-09,贵州茅台,食品饮料
600519.SH,2025-09-25,1442.83,1445.21,1436.0,1439.0,1442.0,-3.0,-0.208,33869.73,4873274.661,-0.0020804438280166426,-0.0329301075268823,1449.9479999999999,1483.8565,2025-09,贵州茅台,食品饮料
600519.SH,2025-09-26,1441.18,1447.11,1428.01,1435.0,1439.0,-4.0,-0.278,45120.71,6480889.597,-0.002779708130646319,-0.03561827956989305,1443.354,1481.6065,2025-09,贵州茅台,食品饮料
600519.SH,2025-09-29,1439.38,1469.99,1435.0,1460.86,1435.0,25.86,1.8021,53684.03,7798434.586,0.018020905923344932,-0.018239247311828577,1444.856,1480.8445000000002,2025-09,贵州茅台,食品饮料
600519.SH,2025-09-30,1460.0,1460.76,1440.0,1443.99,1460.86,-16.87,-1.1548,39363.62,5687474.876,-0.011547992278520769,-0.02957661290322633,1444.17,1478.4789999999998,2025-09,贵州茅台,食品饮料
600519.SH,2025-10-09,1436.0,1439.38,1420.0,1436.78,1443.99,-7.21,-0.4993,54918.12,7845448.947,-0.00499310937056352,-0.034422043010753245,1443.126,1476.2904999999998,2025-10,贵州茅台,食品饮料
600519.SH,2025-10-10,1437.6,1439.94,1427.5,1430.0,1436.78,-6.78,-0.4719,36001.44,5157459.262,-0.0047188852851515195,-0.038978494623656434,1441.326,1474.1574999999998,2025-10,贵州茅台,食品饮料
600519.SH,2025-10-13,1415.7,1422.85,1415.12,1419.2,1430.0,-10.8,-0.7552,46068.8,6533147.458,-0.00755244755244755,-0.046236559139785416,1438.166,1470.9675,2025-10,贵州茅台,食品饮料
600519.SH,2025-10-14,1429.99,1464.0,1429.99,1451.02,1419.2,31.82,2.2421,66672.33,9639484.605,0.02242108229988715,-0.02485215053763501,1436.1979999999999,1468.4569999999999,2025-10,贵州茅台,食品饮料
600519.SH,2025-10-15,1450.98,1463.0,1445.08,1462.0,1451.02,10.98,0.7567,42785.4,6233407.482,0.007567090736171789,-0.017473118279570543,1439.8,1466.307,2025-10,贵州茅台,食品饮料
600519.SH,2025-10-16,1461.92,1484.95,1458.88,1484.91,1462.0,22.91,1.567,45730.15,6749162.949,0.01567031463748303,-0.0020766129032263603,1449.426,1464.452,2025-10,贵州茅台,食品饮料
600519.SH,2025-10-17,1483.1,1488.0,1454.03,1455.0,1484.91,-29.91,-2.0143,38085.89,5594724.9,-0.020142634907166168,-0.0221774193548393,1454.426,1461.027,2025-10,贵州茅台,食品饮料
600519.SH,2025-10-20,1455.0,1469.5,1454.88,1457.93,1455.0,2.93,0.2014,25949.88,3793283.759,0.002013745704467329,-0.02020833333333394,1462.172,1458.1235000000001,2025-10,贵州茅台,食品饮料
600519.SH,2025-10-21,1459.0,1469.94,1455.5,1462.26,1457.93,4.33,0.297,25442.67,3727984.13,0.002969964264402325,-0.01729838709677478,1464.4199999999998,1455.4815,2025-10,贵州茅台,食品饮料
600519.SH,2025-10-22,1462.08,1465.73,1456.0,1458.7,1462.26,-3.56,-0.2435,18194.92,2657486.636,-0.0024345875562484798,-0.019690860215054284,1463.7600000000002,1453.4175,2025-10,贵州茅台,食品饮料
600519.SH,2025-10-23,1455.0,1468.8,1447.2,1467.98,1458.7,9.28,0.6362,29322.35,4274652.09,0.006361829025844923,-0.013454301075269348,1460.374,1452.1665,2025-10,贵州茅台,食品饮料
600519.SH,2025-10-24,1467.95,1478.88,1449.34,1450.0,1467.98,-17.98,-1.2248,38225.83,5578603.148,-0.012248123271434208,-0.025537634408602683,1459.374,1451.2685000000001,2025-10,贵州茅台,食品饮料
600519.SH,2025-10-27,1440.0,1452.49,1435.99,1440.41,1450.0,-9.59,-0.6614,37102.39,5352667.152,-0.006613793103448229,-0.031982526881720874,1455.8700000000001,1449.8905,2025-10,贵州茅台,食品饮料
600519.SH,2025-10-28,1442.0,1451.2,1441.1,1445.0,1440.41,4.59,0.3187,27124.33,3923817.14,0.0031865927062433297,-0.028897849462366065,1452.4180000000001,1449.4730000000002,2025-10,贵州茅台,食品饮料
600519.SH,2025-10-29,1440.02,1446.55,1430.04,1431.9,1445.0,-13.1,-0.9066,33937.11,4868780.319,-0.009065743944636662,-0.03770161290322627,1447.058,1448.697,2025-10,贵州茅台,食品饮料
600519.SH,2025-10-30,1421.81,1436.63,1421.81,1426.74,1431.9,-5.16,-0.3604,47456.1,6768821.311,-0.003603603603603678,-0.041169354838710204,1438.81,1447.934,2025-10,贵州茅台,食品饮料
600519.SH,2025-10-31,1422.0,1435.98,1420.11,1430.01,1426.74,3.27,0.2292,35693.77,5109623.861,0.002291938264855631,-0.0389717741935488,1434.8120000000001,1447.4845,2025-10,贵州茅台,食品饮料
600519.SH,2025-11-03,1431.0,1448.0,1420.1,1435.0,1430.01,4.99,0.3489,34547.66,4945310.83,0.0034894860875098743,-0.03561827956989294,1433.73,1447.4845,2025-11,贵州茅台,食品饮料
600519.SH,2025-11-04,1435.1,1435.78,1423.78,1429.0,1435.0,-6.0,-0.4181,26565.72,3793892.903,-0.004181184668989535,-0.03965053763440907,1430.5300000000002,1445.8915,2025-11,贵州茅台,食品饮料
600519.SH,2025-11-05,1425.89,1430.99,1420.01,1420.08,1429.0,-8.92,-0.6242,34475.27,4908475.373,-0.006242127361791527,-0.045645161290323144,1428.166,1444.6960000000001,2025-11,贵州茅台,食品饮料
600519.SH,2025-11-06,1430.0,1441.45,1429.99,1435.13,1420.08,15.05,1.0598,38347.82,5505960.415,0.010597994479184303,-0.03553091397849517,1429.844,1444.6135,2025-11,贵州茅台,食品饮料
600519.SH,2025-11-07,1435.11,1439.78,1431.11,1433.33,1435.13,-1.8,-0.1254,18861.39,2704995.856,-0.001254241776006526,-0.03674059139785013,1430.508,1444.7800000000002,2025-11,贵州茅台,食品饮料
600519.SH,2025-11-10,1435.0,1463.69,1434.98,1462.3,1433.33,28.97,2.0212,49451.54,7181246.441,0.020211674910871835,-0.01727150537634481,1435.968,1446.935,2025-11,贵州茅台,食品饮料
600519.SH,2025-11-11,1462.0,1462.18,1447.0,1458.99,1462.3,-3.31,-0.2264,26691.56,3882776.772,-0.0022635574095601907,-0.01949596774193607,1441.966,1447.3335000000002,2025-11,贵州茅台,食品饮料
600519.SH,2025-11-12,1459.98,1478.36,1459.21,1465.15,1458.99,6.16,0.4222,32992.1,4849073.051,0.004222098849203881,-0.015356182795699502,1450.98,1447.491,2025-11,贵州茅台,食品饮料
600519.SH,2025-11-13,1462.12,1473.58,1458.0,1470.38,1465.15,5.23,0.357,31179.23,4569178.269,0.0035696003822134337,-0.01184139784946292,1458.03,1446.7645,2025-11,贵州茅台,食品饮料
600519.SH,2025-11-14,1470.0,1478.95,1456.3,1456.6,1470.38,-13.78,-0.9372,27473.06,4031007.106,-0.009371727036548538,-0.02110215053763509,1462.684,1446.8445,2025-11,贵州茅台,食品饮料
600519.SH,2025-11-17,1454.0,1473.0,1445.79,1471.0,1456.6,14.4,0.9886,34462.21,5035780.027,0.00988603597418658,-0.0114247311827963,1464.4240000000002,1447.498,2025-11,贵州茅台,食品饮料
600519.SH,2025-11-18,1470.7,1486.07,1469.0,1476.0,1471.0,5.0,0.3399,34204.78,5055675.474,0.003399048266485405,-0.008064516129032806,1467.826,1448.185,2025-11,贵州茅台,食品饮料
600519.SH,2025-11-19,1474.0,1479.53,1469.96,1471.01,1476.0,-4.99,-0.3381,22045.37,3249449.214,-0.0033807588075880357,-0.011418010752688668,1468.998,1448.8005,2025-11,贵州茅台,食品饮料
600519.SH,2025-11-20,1472.0,1479.9,1465.03,1467.11,1471.01,-3.9,-0.2651,24002.32,3531653.943,-0.0026512396244757763,-0.01403897849462421,1468.344,1448.757,2025-11,贵州茅台,食品饮料
600519.SH,2025-11-21,1470.5,1480.0,1456.0,1466.6,1467.11,-0.51,-0.0348,42607.2,6259873.433,-0.000347622196018027,-0.014381720430108103,1470.3439999999998,1449.587,2025-11,贵州茅台,食品饮料
600519.SH,2025-11-24,1467.0,1471.0,1451.13,1452.0,1466.6,-14.6,-0.9955,33607.44,4901903.705,-0.009954997954452427,-0.024193548387097308,1466.5439999999999,1450.1664999999998,2025-11,贵州茅台,食品饮料
600519.SH,2025-11-25,1458.0,1458.0,1444.5,1444.65,1452.0,-7.35,-0.5062,28440.69,4119930.011,-0.005061983471074338,-0.029133064516129514,1460.274,1450.149,2025-11,贵州茅台,食品饮料
600519.SH,2025-11-26,1448.88,1453.49,1443.58,1449.15,1444.65,4.5,0.3115,20306.16,2938818.095,0.0031149413352715705,-0.026108870967742392,1455.902,1451.0115,2025-11,贵州茅台,食品饮料
600519.SH,2025-11-27,1449.5,1450.0,1439.04,1447.3,1449.15,-1.85,-0.1277,22286.89,3216797.187,-0.0012766104268020495,-0.027352150537634956,1451.94,1452.0395,2025-11,贵州茅台,食品饮料
600519.SH,2025-11-28,1446.5,1455.5,1443.0,1450.5,1447.3,3.2,0.2211,23211.21,3366696.622,0.0022110136115525147,-0.025201612903226422,1448.72,1453.0639999999999,2025-11,贵州茅台,食品饮料
600519.SH,2025-12-01,1451.0,1462.27,1442.0,1448.0,1450.5,-2.5,-0.1724,27333.42,3961994.999,-0.0017235436056531883,-0.026881720430108058,1447.92,1453.714,2025-12,贵州茅台,食品饮料
600519.SH,2025-12-02,1448.0,1451.92,1435.02,1436.03,1448.0,-11.97,-0.8267,25047.26,3607543.825,-0.0082665745856354,-0.03492607526881775,1446.196,1454.0655000000002,2025-12,贵州茅台,食品饮料
600519.SH,2025-12-03,1435.81,1435.97,1428.0,1429.1,1436.03,-6.93,-0.4826,23572.79,3370080.066,-0.004825804474836937,-0.03958333333333397,1442.1860000000001,1454.5165,2025-12,贵州茅台,食品饮料
600519.SH,2025-12-04,1429.1,1432.5,1418.38,1423.98,1429.1,-5.12,-0.3583,29075.39,4134921.902,-0.003582674410468001,-0.0430241935483876,1437.522,1453.959,2025-12,贵州茅台,食品饮料
600519.SH,2025-12-05,1423.98,1433.09,1419.5,1430.01,1423.98,6.03,0.4235,25401.66,3622681.597,0.004234610036657704,-0.038971774193549025,1433.424,1453.7930000000001,2025-12,贵州茅台,食品饮料
600519.SH,2025-12-08,1429.2,1436.67,1418.0,1418.22,1430.01,-11.79,-0.8245,33602.8,4789155.77,-0.008244697589527283,-0.04689516129032312,1427.468,1451.589,2025-12,贵州茅台,食品饮料
600519.SH,2025-12-09,1418.23,1421.0,1400.05,1401.01,1418.22,-17.21,-1.2135,42634.43,5995722.121,-0.012134929700610697,-0.05846102150537691,1420.464,1448.69,2025-12,贵州茅台,食品饮料
600519.SH,2025-12-10,1400.0,1402.8,1383.18,1402.8,1401.01,1.79,0.1278,33133.47,4625906.139,0.0012776496955766437,-0.05725806451612969,1415.204,1445.5725,2025-12,贵州茅台,食品饮料
600519.SH,2025-12-11,1406.66,1411.99,1401.55,1411.99,1402.8,9.19,0.6551,22385.01,3149974.074,0.006551183347590639,-0.05108198924731244,1412.806,1442.653,2025-12,贵州茅台,食品饮料
600519.SH,2025-12-12,1418.0,1425.0,1413.57,1420.65,1411.99,8.66,0.6133,37159.19,5273563.274,0.006133187912095828,-0.045262096774194016,1410.934,1440.8555000000001,2025-12,贵州茅台,食品饮料
600519.SH,2025-12-15,1439.59,1439.99,1425.57,1426.0,1420.65,5.35,0.3766,33358.79,4774362.06,0.0037658818146621975,-0.041666666666667185,1412.49,1438.6055000000001,2025-12,贵州茅台,食品饮料
600519.SH,2025-12-16,1426.2,1428.78,1415.0,1422.0,1426.0,-4.0,-0.2805,23963.67,3403139.194,-0.0028050490883591017,-0.044354838709677935,1416.688,1435.9055,2025-12,贵州茅台,食品饮料
600519.SH,2025-12-17,1425.0,1439.94,1417.68,1433.1,1422.0,11.1,0.7806,31382.49,4489482.138,0.007805907172995674,-0.03689516129032322,1422.748,1434.01,2025-12,贵州茅台,食品饮料
600519.SH,2025-12-18,1433.5,1438.88,1426.11,1431.0,1433.1,-2.1,-0.1465,17829.95,2551177.659,-0.001465354825204046,-0.0383064516129038,1426.55,1432.2045,2025-12,贵州茅台,食品饮料
600519.SH,2025-12-19,1410.0,1412.45,1401.01,1410.0,1407.04,2.96,0.2104,26508.68,3733028.357,-0.014675052410901501,-0.0524193548387103,1424.42,1429.3745000000001,2025-12,贵州茅台,食品饮料
600519.SH,2025-12-22,1410.0,1414.14,1406.58,1408.26,1410.0,-1.74,-0.1234,20425.65,2881636.856,-0.0012340425531914834,-0.05358870967742002,1420.8719999999998,1427.1875,2025-12,贵州茅台,食品饮料
600519.SH,2025-12-23,1408.26,1412.93,1397.19,1407.86,1408.26,-0.4,-0.0284,24506.81,3445377.032,-0.00028403845880742296,-0.053857526881721185,1418.0439999999999,1425.348,2025-12,贵州茅台,食品饮料
600519.SH,2025-12-24,1404.99,1406.36,1400.0,1400.9,1407.86,-6.96,-0.4944,25186.69,3533253.565,-0.004943673376614055,-0.05853494623655975,1411.6039999999998,1422.9355,2025-12,贵州茅台,食品饮料
600519.SH,2025-12-25,1405.0,1419.48,1401.38,1414.17,1400.9,13.27,0.9472,23386.21,3299572.096,0.009472481975872693,-0.04961693548387158,1408.238,1421.279,2025-12,贵州茅台,食品饮料
600519.SH,2025-12-26,1414.17,1419.14,1410.0,1414.13,1414.17,-0.04,-0.0028,17802.99,2520605.635,-2.828514252173342e-05,-0.049643817204301666,1409.064,1419.4605000000001,2025-12,贵州茅台,食品饮料
600519.SH,2025-12-29,1414.13,1414.13,1401.0,1402.0,1414.13,-12.13,-0.8578,26308.1,3694660.107,-0.008577712091533352,-0.0577956989247318,1407.8120000000001,1417.1605,2025-12,贵州茅台,食品饮料
600519.SH,2025-12-30,1401.0,1401.9,1386.0,1389.72,1402.0,-12.28,-0.8759,33791.94,4702489.813,-0.00875891583452204,-0.06604838709677474,1404.1840000000002,1414.8449999999998,2025-12,贵州茅台,食品饮料
600519.SH,2025-12-31,1390.0,1394.0,1377.17,1377.18,1389.72,-12.54,-0.9023,34765.63,4799456.452,-0.009023400397202286,-0.07447580645161345,1399.44,1412.249,2025-12,贵州茅台,食品饮料
