ts_code,trade_date,open,high,low,close,pre_close,change,pct_chg,vol,amount,daily_return,cumulative_return,ma5,ma20,month,signal,position,strategy_return,strategy_cumulative_return
002594.SZ,2025-04-01,377.77,377.87,364.36,365.5,374.9,-9.4,-2.5073,154071.99,5663384.88,0.0,0.0,,,2025-04,0,0.0,0.0,0.0
002594.SZ,2025-04-02,365.0,365.67,358.88,360.5,365.5,-5.0,-1.368,117100.41,4226638.863,-0.013679890560875485,-0.013679890560875485,,,2025-04,0,0.0,-0.0,0.0
002594.SZ,2025-04-03,355.5,361.53,354.26,357.51,360.5,-2.99,-0.8294,101023.22,3618676.87,-0.00829403606102641,-0.02186046511627915,,,2025-04,0,0.0,-0.0,0.0
002594.SZ,2025-04-07,333.34,337.7,321.76,321.76,357.51,-35.75,-9.9997,273498.4,8911483.834,-0.099997202875444,-0.11967168262653904,,,2025-04,0,0.0,-0.0,0.0
002594.SZ,2025-04-08,321.76,335.88,318.0,327.51,321.76,5.75,1.787,274643.51,8924529.993,0.017870462456489378,-0.10393980848153217,346.556,,2025-04,0,0.0,0.0,0.0
002594.SZ,2025-04-09,319.8,328.0,313.66,324.6,327.51,-2.91,-0.8885,211938.56,6822376.377,-0.008885224878629527,-0.11190150478796157,338.37600000000003,,2025-04,0,0.0,-0.0,0.0
002594.SZ,2025-04-10,334.5,347.06,334.0,336.4,324.6,11.8,3.6352,210895.78,7165511.481,0.03635243376463326,-0.07961696306429544,333.556,,2025-04,0,0.0,0.0,0.0
002594.SZ,2025-04-11,337.0,357.55,336.4,354.98,336.4,18.58,5.5232,189944.93,6621821.827,0.05523186682520831,-0.028782489740081796,333.05,,2025-04,0,0.0,0.0,0.0
002594.SZ,2025-04-14,363.2,363.7,355.6,359.0,354.98,4.02,1.1325,142069.17,5115484.103,0.011324581666572797,-0.01778385772913782,340.498,,2025-04,0,0.0,0.0,0.0
002594.SZ,2025-04-15,364.6,365.0,357.33,359.97,359.0,0.97,0.2702,116515.57,4195947.009,0.002701949860724362,-0.015129958960327872,346.99,,2025-04,0,0.0,0.0,0.0
002594.SZ,2025-04-16,356.62,357.0,348.1,352.15,359.97,-7.82,-2.1724,131827.93,4618462.218,-0.021724032558268935,-0.036525307797537376,352.5,,2025-04,0,0.0,-0.0,0.0
002594.SZ,2025-04-17,349.94,353.45,346.67,349.68,352.15,-2.47,-0.7014,85288.64,2985985.219,-0.007014056510009858,-0.04328317373460977,355.156,,2025-04,0,0.0,-0.0,0.0
002594.SZ,2025-04-18,347.9,347.9,344.0,346.0,349.68,-3.68,-1.0524,73860.13,2553879.767,-0.01052390757263788,-0.053351573187414236,353.36,,2025-04,0,0.0,-0.0,0.0
002594.SZ,2025-04-21,346.0,349.87,345.24,348.76,346.0,2.76,0.7977,74953.41,2609226.235,0.007976878612716787,-0.045800273597810914,351.312,,2025-04,0,0.0,0.0,0.0
002594.SZ,2025-04-22,348.76,356.93,346.78,354.84,348.76,6.08,1.7433,112122.06,3956085.869,0.017433191879802745,-0.029165526675786313,350.28599999999994,,2025-04,0,0.0,0.0,0.0
002594.SZ,2025-04-23,377.0,378.0,367.23,371.99,354.84,17.15,4.8332,247926.89,9216822.11,0.04833164243039123,0.017756497948016703,354.254,,2025-04,0,0.0,0.0,0.0
002594.SZ,2025-04-24,372.48,374.6,363.35,366.0,371.99,-5.99,-1.6103,150892.11,5557113.199,-0.016102583402779702,0.001367989056087815,357.51800000000003,,2025-04,0,0.0,-0.0,0.0
002594.SZ,2025-04-25,370.0,375.3,368.1,370.83,366.0,4.83,1.3197,133869.42,4975314.905,0.013196721311475423,0.014582763337893656,362.48400000000004,,2025-04,0,0.0,0.0,0.0
002594.SZ,2025-04-28,367.13,367.13,356.56,360.0,370.83,-10.83,-2.9205,179783.2,6459136.36,-0.02920475689669122,-0.015047879616962745,364.732,,2025-04,0,0.0,-0.0,0.0
002594.SZ,2025-04-29,359.1,360.63,353.0,355.0,360.0,-5.0,-1.3889,118983.07,4237606.41,-0.01388888888888884,-0.02872777017783823,364.764,352.149,2025-04,0,0.0,-0.0,0.0
002594.SZ,2025-04-30,354.9,354.93,349.3,353.09,355.0,-1.91,-0.538,130479.47,4599074.535,-0.005380281690140931,-0.03395348837209278,360.984,351.5285,2025-04,0,0.0,-0.0,0.0
002594.SZ,2025-05-06,360.0,362.3,355.92,359.96,353.09,6.87,1.9457,148293.53,5326196.143,0.019456795717805564,-0.015157318741449877,359.776,351.50149999999996,2025-05,0,0.0,0.0,0.0
002594.SZ,2025-05-07,365.0,365.68,358.14,359.2,359.96,-0.76,-0.2111,108839.9,3937980.382,-0.0021113457050783158,-0.017236662106702938,357.45,351.58599999999996,2025-05,0,0.0,-0.0,0.0
002594.SZ,2025-05-08,356.52,361.98,355.7,359.28,359.2,0.08,0.0223,83381.69,2994908.337,0.0002227171492203972,-0.017017783857729007,357.3059999999999,353.462,2025-05,0,0.0,0.0,0.0
002594.SZ,2025-05-09,360.75,366.0,359.3,363.22,359.28,3.94,1.0966,143726.16,5218995.471,0.010966377198842192,-0.006238030095759073,358.95,355.2475,2025-05,0,0.0,0.0,0.0
002594.SZ,2025-05-12,365.0,370.28,360.58,370.28,363.22,7.06,1.9437,161370.17,5890708.994,0.019437255657728025,0.013077975376197148,362.38800000000003,357.5315,2025-05,0,0.0,0.0,0.0
002594.SZ,2025-05-13,376.0,376.58,366.03,366.5,370.28,-3.78,-1.0208,131771.07,4874657.844,-0.010208490871772669,0.002735978112175408,363.696,359.03650000000005,2025-05,0,0.0,-0.0,0.0
002594.SZ,2025-05-14,366.5,373.1,363.36,373.1,366.5,6.6,1.8008,135693.07,5012059.707,0.018008185538881394,0.02079343365253128,366.476,359.9425,2025-05,0,0.0,0.0,0.0
002594.SZ,2025-05-15,373.0,385.0,369.28,376.8,373.1,3.7,0.9917,208801.37,7894571.015,0.009916912355936613,0.030916552667578978,369.97999999999996,360.8325,2025-05,0,0.0,0.0,0.0
002594.SZ,2025-05-16,375.03,390.99,373.58,389.17,376.8,12.37,3.2829,229327.94,8858484.484,0.03282908704883236,0.06476060191518518,375.16999999999996,362.2925,2025-05,0,0.0,0.0,0.0
002594.SZ,2025-05-19,388.0,388.0,377.0,382.81,389.17,-6.36,-1.6342,161372.81,6159126.224,-0.016342472441349565,0.04735978112175143,377.67600000000004,363.82550000000003,2025-05,0,0.0,-0.0,0.0
002594.SZ,2025-05-20,383.5,394.8,381.5,394.8,382.81,11.99,3.1321,172099.91,6705400.029,0.03132102087197297,0.08016415868673077,383.33600000000007,366.08149999999995,2025-05,0,0.0,0.0,0.0
002594.SZ,2025-05-21,393.94,404.0,391.01,400.0,394.8,5.2,1.3171,199478.86,7967115.092,0.01317122593718345,0.09439124487004147,388.716,368.78149999999994,2025-05,0,0.0,0.0,0.0
002594.SZ,2025-05-22,399.98,405.56,398.0,398.8,400.0,-1.2,-0.3,146362.8,5868800.084,-0.0030000000000000027,0.09110807113543129,393.11600000000004,371.2835,2025-05,0,0.0,-0.0,0.0
002594.SZ,2025-05-23,399.0,416.98,398.13,405.0,398.8,6.2,1.5547,235574.18,9627525.188,0.015546639919759242,0.10807113543091695,396.28200000000004,373.7915,2025-05,0,0.0,0.0,0.0
002594.SZ,2025-05-26,401.81,403.0,380.0,381.0,405.0,-24.0,-5.9259,309550.63,12014228.946,-0.059259259259259234,0.04240766073871449,395.92,374.242,2025-05,0,0.0,-0.0,0.0
002594.SZ,2025-05-27,375.88,381.0,368.88,372.41,381.0,-8.59,-2.2546,230275.44,8594833.865,-0.022545931758530147,0.018905608755130476,391.442,374.5625,2025-05,0,0.0,-0.0,0.0
002594.SZ,2025-05-28,372.41,372.95,362.07,362.88,372.41,-9.53,-2.559,177753.88,6513230.209,-0.02559007545447234,-0.007168262653898361,384.01800000000003,374.165,2025-05,0,0.0,-0.0,0.0
002594.SZ,2025-05-29,359.59,366.0,355.08,361.13,362.88,-1.75,-0.4823,192061.13,6942900.395,-0.004822530864197483,-0.011956224350204714,376.48400000000004,374.2215,2025-05,0,0.0,-0.0,0.0
002594.SZ,2025-05-30,357.02,358.8,351.3,352.3,361.13,-8.83,-2.4451,190559.91,6733498.591,-0.02445102871542104,-0.036114911080710854,365.944,374.0865,2025-05,-1,0.0,-0.0,0.0
002594.SZ,2025-06-03,351.25,357.99,349.0,356.0,352.3,3.7,1.0502,181892.7,6453885.813,0.010502412716434817,-0.025991792065663044,360.944,374.232,2025-06,0,0.0,0.0,0.0
002594.SZ,2025-06-04,359.5,364.32,358.15,360.52,356.0,4.52,1.2697,146904.1,5311224.037,0.012696629213483135,-0.013625170998631586,358.566,374.26,2025-06,0,0.0,0.0,0.0
002594.SZ,2025-06-05,362.39,362.74,356.03,360.75,360.52,0.23,0.0638,108612.75,3908084.318,0.0006379673804504105,-0.012995896032831356,358.14,374.3375,2025-06,0,0.0,0.0,0.0
002594.SZ,2025-06-06,361.0,362.38,357.5,359.96,360.75,-0.79,-0.219,89697.68,3228098.168,-0.002189882189882253,-0.015157318741449766,357.90600000000006,374.37149999999997,2025-06,0,0.0,-0.0,0.0
002594.SZ,2025-06-09,356.12,356.41,345.11,348.14,359.96,-11.82,-3.2837,255091.34,8932441.523,-0.03283698188687634,-0.04749658002735946,357.07399999999996,373.6175,2025-06,0,0.0,-0.0,0.0
002594.SZ,2025-06-10,349.6,355.0,348.23,353.13,348.14,4.99,1.4333,171785.88,6042960.183,0.014333314183949009,-0.033844049247605645,356.5,372.76,2025-06,0,0.0,0.0,0.0
002594.SZ,2025-06-11,354.01,365.98,354.01,361.99,353.13,8.86,2.509,203106.74,7326544.794,0.025089910231359536,-0.009603283173734267,356.794,372.5345,2025-06,0,0.0,0.0,0.0
002594.SZ,2025-06-12,359.89,359.89,353.01,353.24,361.99,-8.75,-2.4172,144046.96,5117764.844,-0.02417193845133847,-0.03354309165526648,355.29200000000003,371.5415,2025-06,0,0.0,-0.0,0.0
002594.SZ,2025-06-13,349.5,349.91,341.49,346.0,353.24,-7.24,-2.0496,210239.87,7256548.254,-0.020495980070207254,-0.053351573187414236,352.5,370.00149999999996,2025-06,0,0.0,-0.0,0.0
002594.SZ,2025-06-16,345.99,347.04,340.8,344.43,346.0,-1.57,-0.4538,102284.05,3508947.839,-0.004537572254335265,-0.05764705882352916,351.758,367.7645,2025-06,0,0.0,-0.0,0.0
002594.SZ,2025-06-17,344.0,346.4,342.4,343.74,344.43,-0.69,-0.2003,70045.3,2408912.944,-0.0020033098162181018,-0.059534883720929965,349.88,365.811,2025-06,0,0.0,-0.0,0.0
002594.SZ,2025-06-18,342.82,349.2,341.97,346.95,343.74,3.21,0.9338,102896.97,3565398.002,0.009338453482283127,-0.050752393980847854,346.87199999999996,363.41850000000005,2025-06,0,0.0,0.0,0.0
002594.SZ,2025-06-19,344.03,345.29,340.35,340.5,346.95,-6.45,-1.8591,100381.21,3437688.887,-0.018590575010808408,-0.0683994528043772,344.32399999999996,360.44350000000003,2025-06,0,0.0,-0.0,0.0
002594.SZ,2025-06-20,340.03,342.97,339.8,340.25,340.5,-0.25,-0.0734,73538.16,2507526.43,-0.0007342143906020615,-0.069083447332421,343.174,357.51599999999996,2025-06,0,0.0,-0.0,0.0
002594.SZ,2025-06-23,336.85,339.71,333.6,338.2,340.25,-2.05,-0.6025,94593.34,3185477.391,-0.006024981631153614,-0.07469220246238006,341.928,354.17600000000004,2025-06,0,0.0,-0.0,0.0
002594.SZ,2025-06-24,341.23,346.2,341.23,343.38,338.2,5.18,1.5316,144712.59,4979495.319,0.015316380839739852,-0.06051983584131293,341.856,352.295,2025-06,0,0.0,0.0,0.0
002594.SZ,2025-06-25,345.99,349.73,343.02,349.27,343.38,5.89,1.7153,125738.27,4352301.72,0.017153008328965047,-0.04440492476060154,342.32,351.13800000000003,2025-06,0,0.0,0.0,0.0
002594.SZ,2025-06-26,344.31,344.31,336.83,337.44,349.27,-11.83,-3.3871,204932.14,6967640.374,-0.033870644487073,-0.07677154582763301,341.70799999999997,349.866,2025-06,0,0.0,-0.0,0.0
002594.SZ,2025-06-27,334.0,336.72,333.44,334.24,337.44,-3.2,-0.9483,138617.49,4633461.708,-0.009483167377904222,-0.08552667578659334,340.506,348.5215,2025-06,0,0.0,-0.0,0.0
002594.SZ,2025-06-30,334.24,334.24,328.59,331.91,334.24,-2.33,-0.6971,144003.44,4768270.278,-0.0069710387745332,-0.09190150478796122,339.248,347.502,2025-06,0,0.0,-0.0,0.0
002594.SZ,2025-07-01,330.3,333.35,328.79,331.34,331.91,-0.57,-0.1717,88518.04,2931303.337,-0.0017173330119611974,-0.09346101231190118,336.84000000000003,346.269,2025-07,0,0.0,-0.0,0.0
002594.SZ,2025-07-02,332.0,333.86,328.93,330.66,331.34,-0.68,-0.2052,93270.11,3083342.65,-0.0020522725900885552,-0.09532147742818009,333.11800000000005,344.776,2025-07,0,0.0,-0.0,0.0
002594.SZ,2025-07-03,330.98,335.25,330.67,334.56,330.66,3.9,1.1795,123497.81,4123732.531,0.011794592632915935,-0.08465116279069718,332.54200000000003,343.4665,2025-07,0,0.0,0.0,0.0
002594.SZ,2025-07-04,332.55,334.99,329.77,331.0,334.56,-3.56,-1.0641,104103.55,3454495.463,-0.010640841702534654,-0.09439124487004058,331.894,342.0185,2025-07,0,0.0,-0.0,0.0
002594.SZ,2025-07-07,329.2,330.49,328.44,328.59,331.0,-2.41,-0.7281,88207.72,2901015.557,-0.007280966767371666,-0.10098495212038261,331.22999999999996,341.041,2025-07,0,0.0,-0.0,0.0
002594.SZ,2025-07-08,327.0,329.78,325.72,326.88,328.59,-1.71,-0.5204,116918.14,3825413.668,-0.005204053683922183,-0.10566347469220205,330.338,339.7285,2025-07,0,0.0,-0.0,0.0
002594.SZ,2025-07-09,326.9,328.21,325.78,325.8,326.88,-1.08,-0.3304,121633.11,3969384.13,-0.0033039647577092213,-0.10861833105335117,329.366,337.919,2025-07,0,0.0,-0.0,0.0
002594.SZ,2025-07-10,325.81,326.09,318.85,321.23,325.8,-4.57,-1.4027,210022.06,6741345.468,-0.014027010435850196,-0.12112175102599143,326.7,336.31850000000003,2025-07,0,0.0,-0.0,0.0
002594.SZ,2025-07-11,319.9,326.85,319.02,323.91,321.23,2.68,0.8343,168269.83,5456832.018,0.008342931855679803,-0.11378932968536204,325.28200000000004,335.21400000000006,2025-07,0,0.0,0.0,0.0
002594.SZ,2025-07-14,323.91,323.91,317.56,318.49,323.91,-5.42,-1.6733,172309.14,5502331.854,-0.01673304312926438,-0.1286183310533512,323.26200000000006,333.91700000000003,2025-07,0,0.0,-0.0,0.0
002594.SZ,2025-07-15,318.2,325.0,318.0,323.05,318.49,4.56,1.4318,162790.94,5252631.322,0.014317560990925848,-0.11614227086183282,322.496,332.88250000000005,2025-07,0,0.0,0.0,0.0
002594.SZ,2025-07-16,323.06,325.91,323.06,323.72,323.05,0.67,0.2074,110758.35,3594544.238,0.0020739823556725767,-0.11430916552667547,322.08000000000004,331.721,2025-07,0,0.0,0.0,0.0
002594.SZ,2025-07-17,325.0,328.72,324.1,328.02,323.72,4.3,1.3283,156891.35,5138610.961,0.013283084146793467,-0.10254445964432257,323.438,331.09700000000004,2025-07,0,0.0,0.0,0.0
002594.SZ,2025-07-18,329.13,329.5,325.25,329.11,328.02,1.09,0.3323,136866.49,4482466.755,0.0033229681117006304,-0.09956224350205156,324.47799999999995,330.54,2025-07,0,0.0,0.0,0.0
002594.SZ,2025-07-21,327.99,334.12,327.26,334.12,329.11,5.01,1.5223,153945.03,5102459.146,0.015222873811187698,-0.0858549931600543,327.604,330.33599999999996,2025-07,0,0.0,0.0,0.0
002594.SZ,2025-07-22,335.0,342.01,333.21,341.69,334.12,7.57,2.2657,214164.17,7227731.007,0.022656530587812806,-0.0651436388508887,331.332,330.25149999999996,2025-07,1,1.0,0.0,0.0
002594.SZ,2025-07-23,342.09,343.0,337.0,338.07,341.69,-3.62,-1.0594,158907.35,5395840.274,-0.010594398431326701,-0.07504787961696258,334.202,329.6915,2025-07,0,1.0,-0.010594398431326701,-0.010594398431326701
002594.SZ,2025-07-24,338.08,346.54,337.63,342.72,338.07,4.65,1.3755,189063.27,6489370.096,0.01375454787470054,-0.06232558139534827,337.142,329.9555,2025-07,0,1.0,0.01375454787470054,0.003014428282946513
002594.SZ,2025-07-25,341.0,341.4,335.0,337.93,342.72,-4.79,-1.3976,157040.76,5307866.611,-0.013976423902894552,-0.0754309165526671,338.906,330.14,2025-07,0,1.0,-0.013976423902894552,-0.011004126547455417
002594.SZ,2025-07-28,337.93,339.1,335.53,337.0,337.93,-0.93,-0.2752,117056.7,3947000.994,-0.0027520492409670583,-0.07797537619698991,339.482,330.3945,2025-07,0,1.0,-0.0027520492409670583,-0.013725891890310038
002594.SZ,2025-07-29,112.01,112.5,109.77,111.42,111.01,0.41,0.3693,387359.84,4322742.015,-0.6693768545994065,-0.6951573187414499,293.428,319.3985,2025-07,-1,0.0,-0.6693768545994065,-0.6739149521496093
002594.SZ,2025-07-30,108.05,111.16,107.12,108.7,111.42,-2.72,-2.4412,524834.27,5743878.668,-0.024412134266738494,-0.7025991792065662,247.554,308.3005,2025-07,0,0.0,-0.0,-0.6739149521496093
002594.SZ,2025-07-31,108.2,108.2,105.0,105.24,108.7,-3.46,-3.1831,599499.43,6344900.791,-0.03183072677092924,-0.7120656634746921,200.058,296.83450000000005,2025-07,0,0.0,-0.0,-0.6739149521496093
002594.SZ,2025-08-01,104.95,106.24,104.36,105.8,105.24,0.56,0.5321,362336.92,3816659.558,0.0053211706575446716,-0.7105335157318741,153.632,285.57450000000006,2025-08,0,0.0,0.0,-0.6739149521496093
002594.SZ,2025-08-04,104.0,105.14,102.57,104.88,105.8,-0.92,-0.8696,412936.94,4293903.59,-0.008695652173913104,-0.7130506155950751,107.208,274.389,2025-08,0,0.0,-0.0,-0.6739149521496093
002594.SZ,2025-08-05,104.88,105.21,103.78,104.86,104.88,-0.02,-0.0191,338349.86,3539636.64,-0.0001906941266208717,-0.7131053351573187,105.896,263.288,2025-08,0,0.0,-0.0,-0.6739149521496093
002594.SZ,2025-08-06,104.86,105.0,103.9,104.35,104.86,-0.51,-0.4864,305619.6,3184784.993,-0.00486362769406834,-0.714500683994528,105.026,252.21550000000002,2025-08,0,0.0,-0.0,-0.6739149521496093
002594.SZ,2025-08-07,104.27,106.43,104.16,105.33,104.35,0.98,0.9391,428762.98,4526612.773,0.009391471011020558,-0.7118194254445964,105.04400000000001,241.4205,2025-08,0,0.0,0.0,-0.6739149521496093
002594.SZ,2025-08-08,105.0,105.03,103.91,103.93,105.33,-1.4,-1.3292,326614.61,3405317.252,-0.013291559859489155,-0.7156497948016416,104.67,230.42149999999998,2025-08,0,0.0,-0.0,-0.6739149521496093
002594.SZ,2025-08-11,103.88,105.66,103.23,105.52,103.93,1.59,1.5299,356697.9,3741329.572,0.015298758779948018,-0.7112995896032832,104.798,219.773,2025-08,0,0.0,0.0,-0.6739149521496093
002594.SZ,2025-08-12,105.4,106.43,104.7,105.67,105.52,0.15,0.1422,312195.04,3302639.096,0.0014215314632297638,-0.7108891928864569,104.96,208.904,2025-08,0,0.0,0.0,-0.6739149521496093
002594.SZ,2025-08-13,106.29,107.65,105.84,106.83,105.67,1.16,1.0978,459830.14,4908744.877,0.010977571685435672,-0.7077154582763338,105.45599999999999,198.0595,2025-08,0,0.0,0.0,-0.6739149521496093
002594.SZ,2025-08-14,107.37,107.5,105.79,106.37,106.83,-0.46,-0.4306,419547.93,4478119.017,-0.004305906580548524,-0.7089740082079343,105.66400000000002,186.977,2025-08,0,0.0,-0.0,-0.6739149521496093
002594.SZ,2025-08-15,105.85,106.64,105.32,106.07,106.37,-0.3,-0.282,361353.46,3831047.052,-0.0028203440819780656,-0.7097948016415868,106.09200000000001,175.825,2025-08,0,0.0,-0.0,-0.6739149521496093
002594.SZ,2025-08-18,105.66,109.49,105.66,108.37,106.07,2.3,2.1684,619251.73,6680761.816,0.02168379372112761,-0.7035020519835841,106.662,164.5375,2025-08,0,0.0,0.0,-0.6739149521496093
002594.SZ,2025-08-19,108.67,108.92,107.18,107.63,108.37,-0.74,-0.6828,389735.19,4205349.329,-0.00682845806034893,-0.7055266757865937,107.054,152.8345,2025-08,0,0.0,-0.0,-0.6739149521496093
002594.SZ,2025-08-20,107.18,108.26,106.01,108.25,107.63,0.62,0.576,385053.45,4130459.252,0.005760475703800116,-0.7038303693570451,107.33800000000001,141.3435,2025-08,0,0.0,0.0,-0.6739149521496093
002594.SZ,2025-08-21,107.8,108.83,107.0,107.1,108.25,-1.15,-1.0624,449463.78,4843670.255,-0.010623556581986215,-0.7069767441860464,107.484,129.5625,2025-08,0,0.0,-0.0,-0.6739149521496093
002594.SZ,2025-08-22,107.11,110.97,107.11,110.66,107.1,3.56,3.324,763120.05,8351469.726,0.03323996265172746,-0.697236662106703,108.402,118.199,2025-08,0,0.0,0.0,-0.6739149521496093
002594.SZ,2025-08-25,111.31,112.49,110.31,111.61,110.66,0.95,0.8585,611627.58,6803182.883,0.008584854509307904,-0.6946374829001367,109.05,106.9295,2025-08,1,1.0,0.0,-0.6739149521496093
002594.SZ,2025-08-26,111.75,114.69,110.71,113.75,111.61,2.14,1.9174,692915.85,7850511.029,0.019173909147925716,-0.688782489740082,110.274,107.046,2025-08,0,1.0,0.019173909147925716,-0.6676626270676289
002594.SZ,2025-08-27,113.96,114.06,110.66,110.68,113.75,-3.07,-2.6989,689746.93,7761766.931,-0.026989010989010964,-0.6971819425444595,110.75999999999999,107.14500000000001,2025-08,0,1.0,-0.026989010989010964,-0.6766320840777598
002594.SZ,2025-08-28,109.39,110.19,107.11,109.32,110.68,-1.36,-1.2288,762521.99,8278465.956,-0.0122876761835925,-0.7009028727770177,111.204,107.349,2025-08,0,1.0,-0.0122876761835925,-0.6806055243167753
002594.SZ,2025-08-29,108.88,116.59,108.12,114.06,109.32,4.74,4.3359,1144901.94,12973326.091,0.04335894621295289,-0.6879343365253077,111.88400000000001,107.76200000000001,2025-08,0,1.0,0.04335894621295289,-0.6667569164249121
002594.SZ,2025-09-01,108.5,111.48,108.5,109.7,114.06,-4.36,-3.8225,1329867.38,14546890.247,-0.03822549535332276,-0.6998632010943912,111.502,108.003,2025-09,0,1.0,-0.03822549535332276,-0.6794952983676386
002594.SZ,2025-09-02,108.79,111.1,108.6,110.02,109.7,0.32,0.2917,773224.1,8495472.755,0.0029170464904284543,-0.6989876880984951,110.756,108.261,2025-09,0,1.0,0.0029170464904284543,-0.6785603712525761
002594.SZ,2025-09-03,110.5,110.73,107.01,107.21,110.02,-2.81,-2.5541,735223.27,7975948.716,-0.02554081076167969,-0.7066757865937071,110.06199999999998,108.404,2025-09,0,1.0,-0.02554081076167969,-0.6867701999817186
002594.SZ,2025-09-04,106.59,107.09,103.71,104.0,107.21,-3.21,-2.9941,815740.74,8588835.881,-0.029941236824923,-0.7154582763337891,108.998,108.3375,2025-09,0,1.0,-0.029941236824923,-0.6961486876046893
002594.SZ,2025-09-05,103.86,107.5,103.11,107.26,104.0,3.26,3.1346,787523.85,8307907.948,0.03134615384615391,-0.7065389876880983,107.638,108.50399999999999,2025-09,-1,0.0,0.03134615384615391,-0.6866241176199901
002594.SZ,2025-09-08,106.15,107.13,105.51,106.25,107.26,-1.01,-0.9416,555923.45,5910440.232,-0.009416371433898951,-0.7093023255813952,106.94800000000001,108.54050000000002,2025-09,0,0.0,-0.0,-0.6866241176199901
002594.SZ,2025-09-09,106.0,107.2,105.27,105.49,106.25,-0.76,-0.7153,381636.22,4049249.507,-0.007152941176470584,-0.7113816689466482,106.042,108.53150000000001,2025-09,0,0.0,-0.0,-0.6866241176199901
002594.SZ,2025-09-10,105.52,106.45,105.02,105.2,105.49,-0.29,-0.2749,322368.95,3401353.898,-0.002749075741776408,-0.7121751025991789,105.64000000000001,108.45,2025-09,0,0.0,-0.0,-0.6866241176199901
002594.SZ,2025-09-11,105.25,106.6,104.89,106.59,105.2,1.39,1.3213,537781.49,5683446.689,0.013212927756653947,-0.7083720930232555,106.15799999999999,108.46099999999998,2025-09,0,0.0,0.0,-0.6866241176199901
002594.SZ,2025-09-12,106.6,107.58,105.9,105.91,106.59,-0.68,-0.638,455910.18,4859782.579,-0.006379585326953818,-0.7102325581395347,105.888,108.453,2025-09,0,0.0,-0.0,-0.6866241176199901
002594.SZ,2025-09-15,106.0,110.85,106.0,108.7,105.91,2.79,2.6343,974804.07,10620465.041,0.02634312151827034,-0.7025991792065661,106.378,108.4695,2025-09,0,0.0,0.0,-0.6866241176199901
002594.SZ,2025-09-16,109.0,109.0,107.22,107.8,108.7,-0.9,-0.828,533160.21,5753437.964,-0.008279668813247487,-0.7050615595075237,106.84,108.478,2025-09,0,0.0,-0.0,-0.6866241176199901
002594.SZ,2025-09-17,108.2,112.0,108.2,110.99,107.8,3.19,2.9592,981239.71,10827682.692,0.0295918367346939,-0.696333789329685,107.998,108.61500000000001,2025-09,0,0.0,0.0,-0.6866241176199901
002594.SZ,2025-09-18,110.99,112.8,108.56,109.71,110.99,-1.28,-1.1533,934013.8,10362193.293,-0.011532570501846973,-0.6998358413132693,108.62199999999999,108.74550000000002,2025-09,0,0.0,-0.0,-0.6866241176199901
002594.SZ,2025-09-19,109.8,110.8,109.0,109.09,109.71,-0.62,-0.5651,472977.48,5188176.204,-0.005651262419104852,-0.7015321477428178,109.258,108.66699999999999,2025-09,1,1.0,-0.0,-0.6866241176199901
002594.SZ,2025-09-22,108.87,108.91,107.15,107.99,109.09,-1.1,-1.0083,491559.23,5293961.578,-0.010083417361811398,-0.7045417236662104,109.11600000000001,108.48599999999999,2025-09,0,1.0,-0.010083417361811398,-0.6897840174331537
002594.SZ,2025-09-23,107.45,107.69,104.64,105.6,107.99,-2.39,-2.2132,650962.62,6888232.046,-0.02213167885915368,-0.711080711354309,108.676,108.0785,2025-09,0,1.0,-0.02213167885915368,-0.6966496179363
002594.SZ,2025-09-24,105.0,105.83,104.0,105.71,105.6,0.11,0.1042,548162.27,5758922.305,0.0010416666666666075,-0.7107797537619697,107.61999999999998,107.83,2025-09,-1,0.0,0.0010416666666666075,-0.6963336279549837
002594.SZ,2025-09-25,105.34,108.8,104.87,107.5,105.71,1.79,1.6933,693482.04,7421942.405,0.016933118910226197,-0.7058823529411762,107.178,107.73899999999999,2025-09,0,0.0,0.0,-0.6963336279549837
002594.SZ,2025-09-26,107.45,111.23,107.0,107.29,107.5,-0.21,-0.1953,756612.07,8250492.997,-0.0019534883720929708,-0.706456908344733,106.81799999999998,107.40050000000001,2025-09,0,0.0,-0.0,-0.6963336279549837
002594.SZ,2025-09-29,107.0,109.14,106.39,108.61,107.29,1.32,1.2303,613983.68,6621874.267,0.012303103737533627,-0.7028454172366618,106.94200000000001,107.346,2025-09,0,0.0,0.0,-0.6963336279549837
002594.SZ,2025-09-30,108.19,109.98,107.76,109.21,108.61,0.6,0.5524,567755.5,6200518.75,0.005524353190313969,-0.7012038303693569,107.66399999999999,107.30550000000001,2025-09,1,1.0,0.0,-0.6963336279549837
002594.SZ,2025-10-09,108.67,112.48,108.07,110.6,109.21,1.39,1.2728,1008721.97,11196004.667,0.012727772182034691,-0.6974008207934334,108.64200000000001,107.475,2025-10,0,1.0,0.012727772182034691,-0.6924686315522497
002594.SZ,2025-10-10,110.55,110.55,107.58,107.79,110.6,-2.81,-2.5407,590102.53,6420415.513,-0.025406871609403137,-0.7050889192886454,108.7,107.6645,2025-10,0,1.0,-0.025406871609403137,-0.7002820415462656
002594.SZ,2025-10-13,105.0,105.98,104.1,105.69,107.79,-2.1,-1.9482,744429.8,7841774.365,-0.01948232674645156,-0.7108344733242131,108.38,107.58599999999998,2025-10,0,1.0,-0.01948232674645156,-0.7061212447446408
002594.SZ,2025-10-14,106.68,109.36,105.62,105.99,105.69,0.3,0.2838,767786.27,8244228.529,0.0028384899233606653,-0.7100136798905606,107.856,107.57300000000001,2025-10,0,1.0,0.0028384899233606653,-0.7052870728591586
002594.SZ,2025-10-15,106.45,107.51,105.5,107.1,105.99,1.11,1.0473,475791.33,5063179.652,0.010472686102462436,-0.7069767441860463,107.434,107.65350000000001,2025-10,-1,0.0,0.010472686102462436,-0.7022006368828746
002594.SZ,2025-10-16,107.0,109.3,106.51,106.96,107.1,-0.14,-0.1307,523096.38,5628738.804,-0.0013071895424836555,-0.7073597811217508,106.70599999999999,107.7415,2025-10,0,0.0,-0.0,-0.7022006368828746
002594.SZ,2025-10-17,106.6,106.63,104.26,104.43,106.96,-2.53,-2.3654,625724.94,6576614.911,-0.023653702318623626,-0.7142818057455538,106.03399999999999,107.63349999999998,2025-10,0,0.0,-0.0,-0.7022006368828746
002594.SZ,2025-10-20,105.22,105.63,104.08,104.52,104.43,0.09,0.0862,355614.52,3721699.722,0.0008618213157136623,-0.7140355677154581,105.8,107.564,2025-10,0,0.0,0.0,-0.7022006368828746
002594.SZ,2025-10-21,104.69,105.07,104.24,104.76,104.52,0.24,0.2296,299074.19,3133789.475,0.0022962112514353095,-0.713378932968536,105.554,107.36699999999999,2025-10,0,0.0,0.0,-0.7022006368828746
002594.SZ,2025-10-22,104.1,104.32,103.37,103.78,104.76,-0.98,-0.9355,357874.19,3715302.136,-0.009354715540282554,-0.7160601915184677,104.89000000000001,107.16599999999998,2025-10,0,0.0,-0.0,-0.7022006368828746
002594.SZ,2025-10-23,103.3,103.73,102.0,103.69,103.78,-0.09,-0.0867,378603.42,3889661.811,-0.000867219117363649,-0.7163064295485634,104.23599999999999,106.801,2025-10,0,0.0,-0.0,-0.7022006368828746
002594.SZ,2025-10-24,103.98,104.37,103.61,103.76,103.69,0.07,0.0675,305542.68,3173964.302,0.0006750892082167947,-0.7161149110807111,104.102,106.50349999999999,2025-10,0,0.0,0.0,-0.7022006368828746
002594.SZ,2025-10-27,104.0,104.97,103.88,104.01,103.76,0.25,0.2409,345987.84,3607756.848,0.0024094063222821482,-0.7154309165526673,104.0,106.24949999999998,2025-10,0,0.0,0.0,-0.7022006368828746
002594.SZ,2025-10-28,104.02,104.32,103.5,103.72,104.01,-0.29,-0.2788,265415.83,2755526.047,-0.002788193442938236,-0.7162243502051981,103.792,106.03599999999999,2025-10,0,0.0,-0.0,-0.7022006368828746
002594.SZ,2025-10-29,103.73,105.18,103.0,104.52,103.72,0.8,0.7713,397340.4,4128608.369,0.007713073659853409,-0.7140355677154582,103.94000000000001,105.982,2025-10,0,0.0,0.0,-0.7022006368828746
002594.SZ,2025-10-30,104.0,104.86,103.5,103.61,104.52,-0.91,-0.8706,358989.45,3733925.603,-0.008706467661691475,-0.7165253077975374,103.924,105.877,2025-10,0,0.0,-0.0,-0.7022006368828746
002594.SZ,2025-10-31,101.0,101.32,100.0,100.79,103.61,-2.82,-2.7217,637052.59,6418551.106,-0.027217450053083625,-0.7242407660738712,103.33,105.5415,2025-10,0,0.0,-0.0,-0.7022006368828746
002594.SZ,2025-11-03,100.79,100.99,98.5,99.6,100.79,-1.19,-1.1807,551670.21,5472679.665,-0.011806726857823358,-0.7274965800273596,102.44800000000001,105.157,2025-11,0,0.0,-0.0,-0.7022006368828746
002594.SZ,2025-11-04,99.0,99.54,97.71,97.8,99.6,-1.8,-1.8072,435017.04,4274197.474,-0.01807228915662651,-0.7324213406292748,101.26399999999998,104.6165,2025-11,0,0.0,-0.0,-0.7022006368828746
002594.SZ,2025-11-05,96.66,96.66,94.73,95.8,97.8,-2.0,-2.045,587215.1,5617215.879,-0.020449897750511203,-0.737893296853625,99.52,103.946,2025-11,0,0.0,-0.0,-0.7022006368828746
002594.SZ,2025-11-06,95.58,97.75,95.4,97.52,95.8,1.72,1.7954,402003.67,3897723.836,0.017954070981210934,-0.7331874145006838,98.30199999999999,103.292,2025-11,0,0.0,0.0,-0.7022006368828746
002594.SZ,2025-11-07,97.0,98.15,96.83,97.2,97.52,-0.32,-0.3281,322560.73,3145817.991,-0.003281378178835004,-0.7340629274965798,97.584,102.7625,2025-11,0,0.0,-0.0,-0.7022006368828746
002594.SZ,2025-11-10,97.35,100.35,97.35,99.39,97.2,2.19,2.2531,554876.9,5513238.813,0.02253086419753081,-0.7280711354309164,97.542,102.44749999999999,2025-11,0,0.0,0.0,-0.7022006368828746
002594.SZ,2025-11-11,99.5,99.78,98.14,98.71,99.39,-0.68,-0.6842,319857.88,3161124.11,-0.006841734580943837,-0.7299316005471954,97.72399999999999,102.08349999999999,2025-11,0,0.0,-0.0,-0.7022006368828746
002594.SZ,2025-11-12,98.8,98.99,97.54,97.77,98.71,-0.94,-0.9523,260643.35,2555847.684,-0.00952284469658593,-0.73250341997264,98.11800000000001,101.61699999999999,2025-11,0,0.0,-0.0,-0.7022006368828746
002594.SZ,2025-11-13,97.01,100.5,97.01,99.83,97.77,2.06,2.107,579990.22,5759429.264,0.021069857829600025,-0.7268673050615593,98.58000000000001,101.26050000000001,2025-11,0,0.0,0.0,-0.7022006368828746
002594.SZ,2025-11-14,99.0,100.5,98.33,98.37,99.83,-1.46,-1.4625,342984.66,3396134.916,-0.014624862265851912,-0.7308618331053349,98.814,100.9575,2025-11,0,0.0,-0.0,-0.7022006368828746
002594.SZ,2025-11-17,97.8,98.59,97.25,98.08,98.37,-0.29,-0.2948,207247.59,2029207.779,-0.0029480532682729654,-0.7316552667578657,98.55199999999999,100.63550000000001,2025-11,0,0.0,-0.0,-0.7022006368828746
002594.SZ,2025-11-18,97.54,97.85,96.02,96.49,98.08,-1.59,-1.6211,304756.45,2949162.765,-0.01621125611745522,-0.7360054719562242,98.108,100.222,2025-11,0,0.0,-0.0,-0.7022006368828746
002594.SZ,2025-11-19,96.4,96.66,95.01,95.17,96.49,-1.32,-1.368,348292.35,3327809.284,-0.013680174111306842,-0.7396169630642954,97.588,99.7915,2025-11,0,0.0,-0.0,-0.7022006368828746
002594.SZ,2025-11-20,95.17,95.5,93.5,93.61,95.17,-1.56,-1.6392,391810.87,3692348.085,-0.01639172007985712,-0.7438850889192885,96.344,99.2875,2025-11,0,0.0,-0.0,-0.7022006368828746
002594.SZ,2025-11-21,92.49,94.39,91.7,92.7,93.61,-0.91,-0.9721,451713.13,4182916.493,-0.009721183634227026,-0.7463748290013679,95.21,98.7345,2025-11,0,0.0,-0.0,-0.7022006368828746
002594.SZ,2025-11-24,93.1,94.41,92.2,93.93,92.7,1.23,1.3269,327302.13,3064736.739,0.013268608414239491,-0.7430095759233925,94.38,98.23049999999999,2025-11,0,0.0,0.0,-0.7022006368828746
002594.SZ,2025-11-25,94.0,95.38,93.7,93.91,93.93,-0.02,-0.0213,277488.87,2620855.758,-0.00021292451825838388,-0.7430642954856359,93.864,97.74,2025-11,0,0.0,-0.0,-0.7022006368828746
002594.SZ,2025-11-26,94.75,95.44,94.45,95.09,93.91,1.18,1.2565,306576.97,2914626.393,0.012565222021084121,-0.7398358413132693,93.848,97.26849999999999,2025-11,0,0.0,0.0,-0.7022006368828746
002594.SZ,2025-11-27,94.6,95.16,94.22,94.29,95.09,-0.8,-0.8413,202279.96,1915349.541,-0.008413082343043388,-0.7420246238030094,93.98400000000001,96.8025,2025-11,0,0.0,-0.0,-0.7022006368828746
002594.SZ,2025-11-28,94.6,95.23,94.2,95.17,94.29,0.88,0.9333,219350.62,2080615.71,0.009332909110191911,-0.7396169630642953,94.47800000000001,96.5215,2025-11,0,0.0,0.0,-0.7022006368828746
002594.SZ,2025-12-01,95.39,96.3,95.14,95.77,95.17,0.6,0.6305,233712.72,2237016.414,0.006304507723021935,-0.7379753761969903,94.846,96.33,2025-12,0,0.0,0.0,-0.7022006368828746
002594.SZ,2025-12-02,96.42,97.8,96.25,96.62,95.77,0.85,0.8875,359217.46,3483571.735,0.008875430719432087,-0.7356497948016414,95.388,96.271,2025-12,0,0.0,0.0,-0.7022006368828746
002594.SZ,2025-12-03,96.64,96.65,94.89,95.05,96.62,-1.57,-1.6249,231572.84,2207429.346,-0.016249223763196152,-0.7399452804377563,95.38000000000001,96.2335,2025-12,0,0.0,-0.0,-0.7022006368828746
002594.SZ,2025-12-04,94.92,95.29,94.2,95.24,95.05,0.19,0.1999,166141.64,1576759.405,0.001998947922146277,-0.739425444596443,95.57000000000001,96.1195,2025-12,0,0.0,0.0,-0.7022006368828746
002594.SZ,2025-12-05,95.29,96.22,94.71,95.98,95.24,0.74,0.777,211618.47,2021250.209,0.007769844603108034,-0.7374008207934335,95.732,96.05850000000001,2025-12,0,0.0,0.0,-0.7022006368828746
002594.SZ,2025-12-08,96.21,97.15,96.21,96.53,95.98,0.55,0.573,247804.98,2397261.754,0.005730360491769115,-0.7358960328317372,95.884,95.91550000000001,2025-12,0,0.0,0.0,-0.7022006368828746
002594.SZ,2025-12-09,96.21,96.66,95.7,96.03,96.53,-0.5,-0.518,163227.02,1568057.388,-0.005179736869367013,-0.7372640218878247,95.766,95.78150000000001,2025-12,0,0.0,-0.0,-0.7022006368828746
002594.SZ,2025-12-10,95.6,96.65,94.9,96.47,96.03,0.44,0.4582,198402.24,1902988.18,0.004581901489117968,-0.7360601915184677,96.05,95.71650000000001,2025-12,1,1.0,0.0,-0.7022006368828746
002594.SZ,2025-12-11,96.98,97.12,95.85,96.23,96.47,-0.24,-0.2488,250907.67,2422448.208,-0.002487820047683109,-0.7367168262653896,96.248,95.5365,2025-12,0,1.0,-0.002487820047683109,-0.7029415081086248
002594.SZ,2025-12-12,96.2,97.7,95.65,97.0,96.23,0.77,0.8002,554620.88,5390456.375,0.008001662683154942,-0.7346101231190147,96.452,95.468,2025-12,0,1.0,0.008001662683154942,-0.7005645462593433
002594.SZ,2025-12-15,96.55,97.16,95.53,95.53,97.0,-1.47,-1.5155,293300.99,2824248.327,-0.015154639175257723,-0.7386320109439122,96.252,95.3405,2025-12,0,1.0,-0.015154639175257723,-0.7051023825170625
002594.SZ,2025-12-16,95.5,95.7,94.14,94.25,95.53,-1.28,-1.3399,258767.71,2450336.536,-0.013398932272584485,-0.7421340629274963,95.896,95.22850000000001,2025-12,0,1.0,-0.013398932272584485,-0.7090536957210629
002594.SZ,2025-12-17,94.5,95.7,93.68,95.21,94.25,0.96,1.0186,272825.0,2584139.145,0.010185676392572951,-0.7395075239398081,95.644,95.2305,2025-12,0,1.0,0.010185676392572951,-0.7060902108180626
002594.SZ,2025-12-18,94.39,94.6,93.5,93.53,95.21,-1.68,-1.7645,252797.34,2376126.962,-0.0176452053355739,-0.7441039671682623,95.104,95.2265,2025-12,-1,0.0,-0.0176452053355739,-0.7112763093983131
002594.SZ,2025-12-19,94.0,95.27,93.73,94.23,93.53,0.7,0.7484,272067.94,2573037.718,0.007484229658933028,-0.7421887824897397,94.55,95.30300000000001,2025-12,0,0.0,0.0,-0.7112763093983131
002594.SZ,2025-12-22,94.7,95.36,94.25,94.37,94.23,0.14,0.1486,206234.82,1952361.858,0.0014857264140932802,-0.7418057455540352,94.31800000000001,95.325,2025-12,0,0.0,0.0,-0.7112763093983131
002594.SZ,2025-12-23,94.5,95.5,94.5,94.81,94.37,0.44,0.4662,236617.41,2247679.864,0.004662498675426452,-0.7406019151846782,94.43,95.36999999999999,2025-12,0,0.0,0.0,-0.7112763093983131
002594.SZ,2025-12-24,94.8,94.8,94.05,94.42,94.81,-0.39,-0.4113,192809.95,1819358.259,-0.004113490138171083,-0.7416689466484265,94.272,95.3365,2025-12,0,0.0,-0.0,-0.7112763093983131
002594.SZ,2025-12-25,94.43,95.23,94.12,94.84,94.42,0.42,0.4448,182201.63,1725723.851,0.0044482101249736505,-0.740519835841313,94.534,95.364,2025-12,0,0.0,0.0,-0.7112763093983131
002594.SZ,2025-12-26,95.28,101.45,95.25,100.01,94.84,5.17,5.4513,1020958.95,10178557.962,0.05451286377056097,-0.7263748290013676,95.69,95.60600000000001,2025-12,1,1.0,0.0,-0.7112763093983131
002594.SZ,2025-12-29,100.5,101.3,99.6,100.21,100.01,0.2,0.2,519166.96,5209488.142,0.0019998000199978883,-0.7258276333789326,96.85799999999999,95.828,2025-12,0,1.0,0.0019998000199978883,-0.710698919756074
002594.SZ,2025-12-30,99.26,100.15,98.74,99.75,100.21,-0.46,-0.459,318756.38,3174697.986,-0.004590360243488578,-0.7270861833105332,97.846,95.9845,2025-12,0,1.0,-0.004590360243488578,-0.712026915933224
002594.SZ,2025-12-31,99.98,100.2,97.38,97.72,99.75,-2.03,-2.0351,402858.87,3955310.311,-0.020350877192982453,-0.7326402188782486,98.506,96.118,2025-12,0,1.0,-0.020350877192982453,-0.7178874208019513
002594.SZ,2026-01-05,98.4,99.48,97.9,98.11,97.72,0.39,0.3991,382625.21,3762797.878,0.003990994678673809,-0.7315731874145004,99.16,96.2615,2026-01,0,1.0,0.003990994678673809,-0.716761510999585
002594.SZ,2026-01-06,98.22,100.5,98.12,99.99,98.11,1.88,1.9162,521784.86,5185026.166,0.019162164916930013,-0.7264295485636112,99.15599999999999,96.462,2026-01,0,1.0,0.019162164916930013,-0.711334048362537
002594.SZ,2026-01-07,99.96,99.96,97.06,97.6,99.99,-2.39,-2.3902,560848.81,5502570.731,-0.023902390239023963,-0.7329685362517097,98.63399999999999,96.5155,2026-01,0,1.0,-0.023902390239023963,-0.7182338545872948
002594.SZ,2026-01-08,97.2,97.2,96.33,96.88,97.6,-0.72,-0.7377,300654.75,2908439.429,-0.007377049180327888,-0.7349384404924757,98.05999999999999,96.55799999999999,2026-01,0,1.0,-0.007377049180327888,-0.7203124572993558
002594.SZ,2026-01-09,97.05,97.95,96.9,97.01,96.88,0.13,0.1342,350340.58,3412630.185,0.001341866226259425,-0.734582763337893,97.91799999999999,96.58500000000001,2026-01,0,1.0,0.001341866226259425,-0.7199371540319003
002594.SZ,2026-01-12,97.01,98.0,96.3,97.47,97.01,0.46,0.4742,425257.19,4125432.529,0.004741779198020657,-0.7333242134062925,97.78999999999999,96.64699999999999,2026-01,0,1.0,0.004741779198020657,-0.7186091578547502
002594.SZ,2026-01-13,99.0,99.6,96.88,97.19,97.47,-0.28,-0.2873,498722.72,4905229.942,-0.002872678772955828,-0.7340902872777015,97.23,96.6565,2026-01,0,1.0,-0.002872678772955828,-0.7194175033538851
002594.SZ,2026-01-14,96.81,97.74,95.51,96.1,97.19,-1.09,-1.1215,514749.73,4975154.616,-0.011215145591110254,-0.7370725034199723,96.92999999999999,96.685,2026-01,0,1.0,-0.011215145591110254,-0.7225642769040885
002594.SZ,2026-01-15,96.08,96.64,95.6,95.67,96.1,-0.43,-0.4475,295635.46,2835803.09,-0.004474505723204958,-0.7382489740082077,96.688,96.756,2026-01,-1,0.0,-0.004474505723204958,-0.7238056646349027
002594.SZ,2026-01-16,96.7,97.44,95.6,95.86,95.67,0.19,0.1986,384588.02,3705328.916,0.0019859935193895506,-0.7377291381668944,96.458,96.7885,2026-01,0,0.0,0.0,-0.7238056646349027
002594.SZ,2026-01-19,96.81,97.3,95.77,96.19,95.86,0.33,0.3443,334927.15,3227653.862,0.0034425203421657447,-0.7368262653898766,96.202,96.9215,2026-01,0,0.0,0.0,-0.7238056646349027
002594.SZ,2026-01-20,96.22,96.26,94.68,94.74,96.19,-1.45,-1.5074,389149.47,3699337.566,-0.015074332051148831,-0.7407934336525306,95.71199999999999,96.94699999999999,2026-01,0,0.0,-0.0,-0.7238056646349027
002594.SZ,2026-01-21,94.01,94.94,94.0,94.1,94.74,-0.64,-0.6755,308333.93,2910327.666,-0.006755330377876345,-0.7425444596443226,95.312,96.93350000000001,2026-01,0,0.0,-0.0,-0.7238056646349027
002594.SZ,2026-01-22,94.72,95.13,93.89,94.12,94.1,0.02,0.0213,291014.25,2741536.605,0.00021253985122227093,-0.742489740082079,95.002,96.899,2026-01,0,0.0,0.0,-0.7238056646349027
002594.SZ,2026-01-23,94.24,94.36,93.51,93.65,94.12,-0.47,-0.4994,383302.72,3598066.421,-0.004993625159370962,-0.7437756497948014,94.55999999999999,96.8605,2026-01,0,0.0,-0.0,-0.7238056646349027
002594.SZ,2026-01-26,93.65,93.66,92.5,92.63,93.65,-1.02,-1.0892,375459.61,3485372.554,-0.01089161772557401,-0.7465663474692199,93.848,96.74999999999999,2026-01,0,0.0,-0.0,-0.7238056646349027
002594.SZ,2026-01-27,92.67,92.99,91.8,91.81,92.63,-0.82,-0.8852,362980.92,3340756.01,-0.008852423620857142,-0.7488098495212036,93.26199999999999,96.34,2026-01,0,0.0,-0.0,-0.7238056646349027
002594.SZ,2026-01-28,91.8,93.5,90.01,93.34,91.81,1.53,1.6665,715566.18,6553150.013,0.016664851323385355,-0.7446238030095755,93.11,95.9965,2026-01,0,0.0,0.0,-0.7238056646349027
002594.SZ,2026-01-29,92.66,92.92,91.61,92.31,93.34,-1.03,-1.1035,371824.81,3423462.525,-0.011034926076708862,-0.747441860465116,92.748,95.6245,2026-01,0,0.0,-0.0,-0.7238056646349027
002594.SZ,2026-01-30,92.27,92.27,90.7,90.89,92.31,-1.42,-1.5383,329175.6,3001871.204,-0.015382948759614323,-0.7513269493844046,92.196,95.283,2026-01,0,0.0,-0.0,-0.7238056646349027
002594.SZ,2026-02-02,88.0,89.09,86.97,87.05,90.89,-3.84,-4.2249,646973.85,5676850.727,-0.04224887226317531,-0.761833105335157,91.08000000000001,94.72999999999999,2026-02,0,0.0,-0.0,-0.7238056646349027
002594.SZ,2026-02-03,87.2,87.4,85.88,87.37,87.05,0.32,0.3676,377826.85,3275997.179,0.003676048248133279,-0.760957592339261,90.19200000000001,94.099,2026-02,0,0.0,0.0,-0.7238056646349027
002594.SZ,2026-02-04,86.99,89.33,86.45,89.14,87.37,1.77,2.0259,376504.71,3322530.225,0.020258670024035696,-0.756114911080711,89.352,93.676,2026-02,0,0.0,0.0,-0.7238056646349027
002594.SZ,2026-02-05,88.5,91.23,88.33,90.11,89.14,0.97,1.0882,354240.31,3184480.193,0.01088175903073818,-0.7534610123119012,88.912,93.3375,2026-02,0,0.0,0.0,-0.7238056646349027
002594.SZ,2026-02-06,89.39,90.66,89.0,89.82,90.11,-0.29,-0.3218,247087.79,2217096.985,-0.0032182887581845288,-0.754254445964432,88.69800000000001,92.978,2026-02,0,0.0,-0.0,-0.7238056646349027
002594.SZ,2026-02-09,90.5,90.65,89.83,90.06,89.82,0.24,0.2672,208179.51,1875980.039,0.002672010688042903,-0.7535978112175099,89.3,92.6075,2026-02,0,0.0,0.0,-0.7238056646349027
002594.SZ,2026-02-10,90.0,91.57,89.84,90.81,90.06,0.75,0.8328,267604.81,2434219.975,0.008327781479013918,-0.7515458276333786,89.988,92.2885,2026-02,0,0.0,0.0,-0.7238056646349027
002594.SZ,2026-02-11,90.88,92.95,90.88,92.28,90.81,1.47,1.6188,396949.59,3662117.779,0.0161876445325404,-0.7475239398084812,90.61600000000001,92.0975,2026-02,0,0.0,0.0,-0.7238056646349027
002594.SZ,2026-02-12,92.29,92.35,91.08,91.16,92.28,-1.12,-1.2137,230313.32,2106032.227,-0.012136974425661085,-0.7505882352941173,90.826,91.872,2026-02,0,0.0,-0.0,-0.7238056646349027
002594.SZ,2026-02-13,90.05,91.09,89.88,90.27,91.16,-0.89,-0.9763,217338.87,1963579.417,-0.009763053971039937,-0.7530232558139531,90.916,91.5925,2026-02,0,0.0,-0.0,-0.7238056646349027
002594.SZ,2026-02-24,91.98,91.99,90.61,90.87,90.27,0.6,0.6647,206444.58,1879888.761,0.006646726487205212,-0.751381668946648,91.078,91.32650000000001,2026-02,0,0.0,0.0,-0.7238056646349027
002594.SZ,2026-02-25,90.89,92.79,90.89,91.45,90.87,0.58,0.6383,324780.1,2985714.58,0.006382744580169408,-0.7497948016415865,91.20599999999999,91.162,2026-02,1,1.0,0.0,-0.7238056646349027
002594.SZ,2026-02-26,91.4,91.4,89.61,89.85,91.45,-1.6,-1.7496,291018.94,2619922.211,-0.01749589939857854,-0.7541723666210667,90.72,90.9495,2026-02,-1,0.0,-0.01749589939857854,-0.7286379329409076
002594.SZ,2026-02-27,89.4,89.94,89.1,89.32,89.85,-0.53,-0.5899,219340.83,1962319.079,-0.005898720089037246,-0.7556224350205195,90.352,90.7095,2026-02,0,0.0,-0.0,-0.7286379329409076
002594.SZ,2026-03-02,88.0,97.25,87.72,96.79,89.32,7.47,8.3632,1435136.88,13507227.574,0.0836318853560234,-0.7351846785225715,91.656,90.8665,2026-03,1,1.0,0.0,-0.7286379329409076
002594.SZ,2026-03-03,96.39,96.99,93.99,95.21,96.79,-1.58,-1.6324,865741.45,8272503.576,-0.016324000413265982,-0.7395075239398081,92.524,90.9955,2026-03,0,1.0,-0.016324000413265982,-0.733067647435725
002594.SZ,2026-03-04,95.2,96.8,93.7,95.99,95.21,0.78,0.8192,700968.92,6674964.518,0.00819241676294502,-0.7373734610123116,93.43199999999999,91.2045,2026-03,0,1.0,0.00819241676294502,-0.7308808263560052
002594.SZ,2026-03-05,96.8,96.82,93.89,94.47,95.99,-1.52,-1.5835,552439.97,5235746.09,-0.015834982810709386,-0.7415321477428177,94.356,91.261,2026-03,0,1.0,-0.015834982810709386,-0.7351423238446901
002594.SZ,2026-03-06,96.0,96.0,93.25,93.62,94.47,-0.85,-0.8998,503540.37,4743654.925,-0.008997565364666005,-0.7438577291381665,95.216,91.3265,2026-03,0,1.0,-0.008997565364666005,-0.737525398098231
002594.SZ,2026-03-09,93.62,98.0,93.0,97.52,93.62,3.9,4.1658,1093408.99,10562485.735,0.041657765434736094,-0.7331874145006836,95.362,91.65799999999999,2026-03,0,1.0,0.041657765434736094,-0.7265912926996314
002594.SZ,2026-03-10,97.18,97.49,96.08,96.6,97.52,-0.92,-0.9434,507462.43,4907397.251,-0.009433962264150941,-0.7357045143638847,95.64,92.13550000000001,2026-03,0,1.0,-0.009433962264150941,-0.7291706201269934
002594.SZ,2026-03-11,96.75,100.34,95.67,99.22,96.6,2.62,2.7122,903743.75,8925093.668,0.02712215320910971,-0.728536251709986,96.28599999999999,92.72800000000001,2026-03,0,1.0,0.02712215320910971,-0.7218251441925495
002594.SZ,2026-03-12,99.23,100.69,98.7,99.1,99.22,-0.12,-0.1209,502523.57,4995016.177,-0.0012094335819391455,-0.728864569083447,97.212,93.226,2026-03,0,1.0,-0.0012094335819391455,-0.7221615782048141
002594.SZ,2026-03-13,99.0,100.79,98.3,99.67,99.1,0.57,0.5752,519764.82,5199004.697,0.005751765893037497,-0.7273050615595071,98.422,93.704,2026-03,0,1.0,0.005751765893037497,-0.7205635166465572
002594.SZ,2026-03-16,99.67,105.0,98.79,104.62,99.67,4.95,4.9664,1087814.26,11184164.655,0.049663890839771296,-0.7137619699042403,99.84200000000001,94.44399999999999,2026-03,0,1.0,0.049663890839771296,-0.7066856136406423
002594.SZ,2026-03-17,104.63,106.66,102.71,102.87,104.62,-1.75,-1.6727,841388.6,8793237.613,-0.01672720321162302,-0.7185499316005468,101.096,95.0845,2026-03,0,1.0,-0.01672720321162302,-0.7115919429861677
002594.SZ,2026-03-18,102.82,102.82,100.05,101.69,102.87,-1.18,-1.1471,617996.48,6257459.33,-0.011470788373675544,-0.7217783857729134,101.59,95.6285,2026-03,0,1.0,-0.011470788373675544,-0.7149002107734364
002594.SZ,2026-03-19,100.99,103.88,100.47,102.31,101.69,0.62,0.6097,531059.39,5450382.395,0.006096961353132091,-0.7200820793433649,102.232,96.13000000000001,2026-03,0,1.0,0.006096961353132091,-0.7131619683767358
002594.SZ,2026-03-20,102.0,104.45,101.56,103.03,102.31,0.72,0.7037,628783.24,6495105.104,0.007037435245821566,-0.7181121751025987,102.904,96.7235,2026-03,0,1.0,0.007037435245821566,-0.7111433643031483
002594.SZ,2026-03-23,103.87,111.82,103.18,107.63,103.03,4.6,4.4647,1782445.51,19284919.429,0.04464719013879437,-0.7055266757865932,103.506,97.5915,2026-03,0,1.0,0.04464719013879437,-0.6982467271663385
002594.SZ,2026-03-24,108.4,108.4,104.93,106.64,107.63,-0.99,-0.9198,921446.17,9784806.491,-0.009198178946390412,-0.7082352941176466,104.25999999999999,98.38,2026-03,0,1.0,-0.009198178946390412,-0.7010223077675215
002594.SZ,2026-03-25,106.72,107.66,105.28,106.6,106.64,-0.04,-0.0375,662664.89,7061311.678,-0.00037509377344346895,-0.7083447332421337,105.242,99.1375,2026-03,0,1.0,-0.00037509377344346895,-0.7011344524382763
002594.SZ,2026-03-26,106.62,107.68,102.7,103.14,106.6,-3.46,-3.2458,828120.67,8655663.075,-0.03245778611632266,-0.7178112175102596,105.40799999999999,99.80199999999999,2026-03,0,1.0,-0.03245778611632266,-0.7108349664585725
002594.SZ,2026-03-27,103.99,105.89,102.75,105.3,103.14,2.16,2.0942,658454.64,6893710.026,0.020942408376963373,-0.7119015047879613,105.862,100.601,2026-03,0,1.0,0.020942408376963373,-0.7047791542378096
002594.SZ,2026-03-30,103.51,108.0,103.25,106.05,105.3,0.75,0.7123,727557.23,7713482.118,0.007122507122507171,-0.7098495212038299,105.546,101.064,2026-03,0,1.0,0.007122507122507171,-0.7026764416611557
002594.SZ,2026-03-31,107.0,108.49,105.1,105.25,106.05,-0.8,-0.7544,588659.01,6283345.063,-0.007543611504007508,-0.71203830369357,105.268,101.566,2026-03,0,1.0,-0.007543611504007508,-0.7049193350762532
002594.SZ,2026-04-01,105.9,106.5,102.37,102.65,105.25,-2.6,-2.4703,715198.11,7383168.512,-0.02470308788598574,-0.7191518467852254,104.478,101.899,2026-04,0,1.0,-0.02470308788598574,-0.7122087386753195
